# GEMM calls reaching rocBLAS, captured with ROCBLAS_LAYER=2 on gfx1151,
# build 0.34.2-dynres-f67b1aef, one image request per model (visimgs/scene_hd.png).
# Columns: model, a_type, transA+transB, m, n, k
# Regenerate: docs/maxusai/vision-suite/shape_inventory.sh (see rocblas-on-gfx1151.md)
gemma4:31b-it-q4_K_M	f16_r	TN	9900	1152	768
gemma4:31b-it-q4_K_M	f16_r	TN	1152	9900	1152
gemma4:31b-it-q4_K_M	f16_r	TN	1152	9900	1152
gemma4:31b-it-q4_K_M	f16_r	TN	1152	9900	1152
gemma4:31b-it-q4_K_M	f16_r	TN	1152	9900	1152
gemma4:31b-it-q4_K_M	f16_r	TN	4304	9900	1152
gemma4:31b-it-q4_K_M	f16_r	TN	4304	9900	1152
gemma4:31b-it-q4_K_M	f16_r	TN	1152	9900	4304
gemma4:31b-it-q4_K_M	f16_r	TN	1152	9900	1152
gemma4:31b-it-q4_K_M	f16_r	TN	1152	9900	1152
gemma4:31b-it-q4_K_M	f16_r	TN	1152	9900	1152
gemma4:31b-it-q4_K_M	f16_r	TN	1152	9900	1152
gemma4:31b-it-q4_K_M	f16_r	TN	4304	9900	1152
gemma4:31b-it-q4_K_M	f16_r	TN	4304	9900	1152
gemma4:31b-it-q4_K_M	f16_r	TN	1152	9900	4304
gemma4:31b-it-q4_K_M	f16_r	TN	1152	9900	1152
gemma4:31b-it-q4_K_M	f16_r	TN	1152	9900	1152
gemma4:31b-it-q4_K_M	f16_r	TN	1152	9900	1152
gemma4:31b-it-q4_K_M	f16_r	TN	1152	9900	1152
gemma4:31b-it-q4_K_M	f16_r	TN	4304	9900	1152
gemma4:31b-it-q4_K_M	f16_r	TN	4304	9900	1152
gemma4:31b-it-q4_K_M	f16_r	TN	1152	9900	4304
gemma4:31b-it-q4_K_M	f16_r	TN	1152	9900	1152
gemma4:31b-it-q4_K_M	f16_r	TN	1152	9900	1152
gemma4:31b-it-q4_K_M	f16_r	TN	1152	9900	1152
gemma4:31b-it-q4_K_M	f16_r	TN	1152	9900	1152
gemma4:31b-it-q4_K_M	f16_r	TN	4304	9900	1152
gemma4:31b-it-q4_K_M	f16_r	TN	4304	9900	1152
gemma4:31b-it-q4_K_M	f16_r	TN	1152	9900	4304
gemma4:31b-it-q4_K_M	f16_r	TN	1152	9900	1152
gemma4:31b-it-q4_K_M	f16_r	TN	1152	9900	1152
gemma4:31b-it-q4_K_M	f16_r	TN	1152	9900	1152
gemma4:31b-it-q4_K_M	f16_r	TN	1152	9900	1152
gemma4:31b-it-q4_K_M	f16_r	TN	4304	9900	1152
gemma4:31b-it-q4_K_M	f16_r	TN	4304	9900	1152
gemma4:31b-it-q4_K_M	f16_r	TN	1152	9900	4304
gemma4:31b-it-q4_K_M	f16_r	TN	1152	9900	1152
gemma4:31b-it-q4_K_M	f16_r	TN	1152	9900	1152
gemma4:31b-it-q4_K_M	f16_r	TN	1152	9900	1152
gemma4:31b-it-q4_K_M	f16_r	TN	1152	9900	1152
gemma4:31b-it-q4_K_M	f16_r	TN	4304	9900	1152
gemma4:31b-it-q4_K_M	f16_r	TN	4304	9900	1152
gemma4:31b-it-q4_K_M	f16_r	TN	1152	9900	4304
gemma4:31b-it-q4_K_M	f16_r	TN	1152	9900	1152
gemma4:31b-it-q4_K_M	f16_r	TN	1152	9900	1152
gemma4:31b-it-q4_K_M	f16_r	TN	1152	9900	1152
gemma4:31b-it-q4_K_M	f16_r	TN	1152	9900	1152
gemma4:31b-it-q4_K_M	f16_r	TN	4304	9900	1152
gemma4:31b-it-q4_K_M	f16_r	TN	4304	9900	1152
gemma4:31b-it-q4_K_M	f16_r	TN	1152	9900	4304
gemma4:31b-it-q4_K_M	f16_r	TN	1152	9900	1152
gemma4:31b-it-q4_K_M	f16_r	TN	1152	9900	1152
gemma4:31b-it-q4_K_M	f16_r	TN	1152	9900	1152
gemma4:31b-it-q4_K_M	f16_r	TN	1152	9900	1152
gemma4:31b-it-q4_K_M	f16_r	TN	4304	9900	1152
gemma4:31b-it-q4_K_M	f16_r	TN	4304	9900	1152
gemma4:31b-it-q4_K_M	f16_r	TN	1152	9900	4304
gemma4:31b-it-q4_K_M	f16_r	TN	1152	9900	1152
gemma4:31b-it-q4_K_M	f16_r	TN	1152	9900	1152
gemma4:31b-it-q4_K_M	f16_r	TN	1152	9900	1152
gemma4:31b-it-q4_K_M	f16_r	TN	1152	9900	1152
gemma4:31b-it-q4_K_M	f16_r	TN	4304	9900	1152
gemma4:31b-it-q4_K_M	f16_r	TN	4304	9900	1152
gemma4:31b-it-q4_K_M	f16_r	TN	1152	9900	4304
gemma4:31b-it-q4_K_M	f16_r	TN	1152	9900	1152
gemma4:31b-it-q4_K_M	f16_r	TN	1152	9900	1152
gemma4:31b-it-q4_K_M	f16_r	TN	1152	9900	1152
gemma4:31b-it-q4_K_M	f16_r	TN	1152	9900	1152
gemma4:31b-it-q4_K_M	f16_r	TN	4304	9900	1152
gemma4:31b-it-q4_K_M	f16_r	TN	4304	9900	1152
gemma4:31b-it-q4_K_M	f16_r	TN	1152	9900	4304
gemma4:31b-it-q4_K_M	f16_r	TN	1152	9900	1152
gemma4:31b-it-q4_K_M	f16_r	TN	1152	9900	1152
gemma4:31b-it-q4_K_M	f16_r	TN	1152	9900	1152
gemma4:31b-it-q4_K_M	f16_r	TN	1152	9900	1152
gemma4:31b-it-q4_K_M	f16_r	TN	4304	9900	1152
gemma4:31b-it-q4_K_M	f16_r	TN	4304	9900	1152
gemma4:31b-it-q4_K_M	f16_r	TN	1152	9900	4304
gemma4:31b-it-q4_K_M	f16_r	TN	1152	9900	1152
gemma4:31b-it-q4_K_M	f16_r	TN	1152	9900	1152
gemma4:31b-it-q4_K_M	f16_r	TN	1152	9900	1152
gemma4:31b-it-q4_K_M	f16_r	TN	1152	9900	1152
gemma4:31b-it-q4_K_M	f16_r	TN	4304	9900	1152
gemma4:31b-it-q4_K_M	f16_r	TN	4304	9900	1152
gemma4:31b-it-q4_K_M	f16_r	TN	1152	9900	4304
gemma4:31b-it-q4_K_M	f16_r	TN	1152	9900	1152
gemma4:31b-it-q4_K_M	f16_r	TN	1152	9900	1152
gemma4:31b-it-q4_K_M	f16_r	TN	1152	9900	1152
gemma4:31b-it-q4_K_M	f16_r	TN	1152	9900	1152
gemma4:31b-it-q4_K_M	f16_r	TN	4304	9900	1152
gemma4:31b-it-q4_K_M	f16_r	TN	4304	9900	1152
gemma4:31b-it-q4_K_M	f16_r	TN	1152	9900	4304
gemma4:31b-it-q4_K_M	f16_r	TN	1152	9900	1152
gemma4:31b-it-q4_K_M	f16_r	TN	1152	9900	1152
gemma4:31b-it-q4_K_M	f16_r	TN	1152	9900	1152
gemma4:31b-it-q4_K_M	f16_r	TN	1152	9900	1152
gemma4:31b-it-q4_K_M	f16_r	TN	4304	9900	1152
gemma4:31b-it-q4_K_M	f16_r	TN	4304	9900	1152
gemma4:31b-it-q4_K_M	f16_r	TN	1152	9900	4304
gemma4:31b-it-q4_K_M	f16_r	TN	1152	9900	1152
gemma4:31b-it-q4_K_M	f16_r	TN	1152	9900	1152
gemma4:31b-it-q4_K_M	f16_r	TN	1152	9900	1152
gemma4:31b-it-q4_K_M	f16_r	TN	1152	9900	1152
gemma4:31b-it-q4_K_M	f16_r	TN	4304	9900	1152
gemma4:31b-it-q4_K_M	f16_r	TN	4304	9900	1152
gemma4:31b-it-q4_K_M	f16_r	TN	1152	9900	4304
gemma4:31b-it-q4_K_M	f16_r	TN	1152	9900	1152
gemma4:31b-it-q4_K_M	f16_r	TN	1152	9900	1152
gemma4:31b-it-q4_K_M	f16_r	TN	1152	9900	1152
gemma4:31b-it-q4_K_M	f16_r	TN	1152	9900	1152
gemma4:31b-it-q4_K_M	f16_r	TN	4304	9900	1152
gemma4:31b-it-q4_K_M	f16_r	TN	4304	9900	1152
gemma4:31b-it-q4_K_M	f16_r	TN	1152	9900	4304
gemma4:31b-it-q4_K_M	f16_r	TN	1152	9900	1152
gemma4:31b-it-q4_K_M	f16_r	TN	1152	9900	1152
gemma4:31b-it-q4_K_M	f16_r	TN	1152	9900	1152
gemma4:31b-it-q4_K_M	f16_r	TN	1152	9900	1152
gemma4:31b-it-q4_K_M	f16_r	TN	4304	9900	1152
gemma4:31b-it-q4_K_M	f16_r	TN	4304	9900	1152
gemma4:31b-it-q4_K_M	f16_r	TN	1152	9900	4304
gemma4:31b-it-q4_K_M	f16_r	TN	1152	9900	1152
gemma4:31b-it-q4_K_M	f16_r	TN	1152	9900	1152
gemma4:31b-it-q4_K_M	f16_r	TN	1152	9900	1152
gemma4:31b-it-q4_K_M	f16_r	TN	1152	9900	1152
gemma4:31b-it-q4_K_M	f16_r	TN	4304	9900	1152
gemma4:31b-it-q4_K_M	f16_r	TN	4304	9900	1152
gemma4:31b-it-q4_K_M	f16_r	TN	1152	9900	4304
gemma4:31b-it-q4_K_M	f16_r	TN	1152	9900	1152
gemma4:31b-it-q4_K_M	f16_r	TN	1152	9900	1152
gemma4:31b-it-q4_K_M	f16_r	TN	1152	9900	1152
gemma4:31b-it-q4_K_M	f16_r	TN	1152	9900	1152
gemma4:31b-it-q4_K_M	f16_r	TN	4304	9900	1152
gemma4:31b-it-q4_K_M	f16_r	TN	4304	9900	1152
gemma4:31b-it-q4_K_M	f16_r	TN	1152	9900	4304
gemma4:31b-it-q4_K_M	f16_r	TN	1152	9900	1152
gemma4:31b-it-q4_K_M	f16_r	TN	1152	9900	1152
gemma4:31b-it-q4_K_M	f16_r	TN	1152	9900	1152
gemma4:31b-it-q4_K_M	f16_r	TN	1152	9900	1152
gemma4:31b-it-q4_K_M	f16_r	TN	4304	9900	1152
gemma4:31b-it-q4_K_M	f16_r	TN	4304	9900	1152
gemma4:31b-it-q4_K_M	f16_r	TN	1152	9900	4304
gemma4:31b-it-q4_K_M	f16_r	TN	1152	9900	1152
gemma4:31b-it-q4_K_M	f16_r	TN	1152	9900	1152
gemma4:31b-it-q4_K_M	f16_r	TN	1152	9900	1152
gemma4:31b-it-q4_K_M	f16_r	TN	1152	9900	1152
gemma4:31b-it-q4_K_M	f16_r	TN	4304	9900	1152
gemma4:31b-it-q4_K_M	f16_r	TN	4304	9900	1152
gemma4:31b-it-q4_K_M	f16_r	TN	1152	9900	4304
gemma4:31b-it-q4_K_M	f16_r	TN	1152	9900	1152
gemma4:31b-it-q4_K_M	f16_r	TN	1152	9900	1152
gemma4:31b-it-q4_K_M	f16_r	TN	1152	9900	1152
gemma4:31b-it-q4_K_M	f16_r	TN	1152	9900	1152
gemma4:31b-it-q4_K_M	f16_r	TN	4304	9900	1152
gemma4:31b-it-q4_K_M	f16_r	TN	4304	9900	1152
gemma4:31b-it-q4_K_M	f16_r	TN	1152	9900	4304
gemma4:31b-it-q4_K_M	f16_r	TN	1152	9900	1152
gemma4:31b-it-q4_K_M	f16_r	TN	1152	9900	1152
gemma4:31b-it-q4_K_M	f16_r	TN	1152	9900	1152
gemma4:31b-it-q4_K_M	f16_r	TN	1152	9900	1152
gemma4:31b-it-q4_K_M	f16_r	TN	4304	9900	1152
gemma4:31b-it-q4_K_M	f16_r	TN	4304	9900	1152
gemma4:31b-it-q4_K_M	f16_r	TN	1152	9900	4304
gemma4:31b-it-q4_K_M	f16_r	TN	1152	9900	1152
gemma4:31b-it-q4_K_M	f16_r	TN	1152	9900	1152
gemma4:31b-it-q4_K_M	f16_r	TN	1152	9900	1152
gemma4:31b-it-q4_K_M	f16_r	TN	1152	9900	1152
gemma4:31b-it-q4_K_M	f16_r	TN	4304	9900	1152
gemma4:31b-it-q4_K_M	f16_r	TN	4304	9900	1152
gemma4:31b-it-q4_K_M	f16_r	TN	1152	9900	4304
gemma4:31b-it-q4_K_M	f16_r	TN	1152	9900	1152
gemma4:31b-it-q4_K_M	f16_r	TN	1152	9900	1152
gemma4:31b-it-q4_K_M	f16_r	TN	1152	9900	1152
gemma4:31b-it-q4_K_M	f16_r	TN	1152	9900	1152
gemma4:31b-it-q4_K_M	f16_r	TN	4304	9900	1152
gemma4:31b-it-q4_K_M	f16_r	TN	4304	9900	1152
gemma4:31b-it-q4_K_M	f16_r	TN	1152	9900	4304
gemma4:31b-it-q4_K_M	f16_r	TN	1152	9900	1152
gemma4:31b-it-q4_K_M	f16_r	TN	1152	9900	1152
gemma4:31b-it-q4_K_M	f16_r	TN	1152	9900	1152
gemma4:31b-it-q4_K_M	f16_r	TN	1152	9900	1152
gemma4:31b-it-q4_K_M	f16_r	TN	4304	9900	1152
gemma4:31b-it-q4_K_M	f16_r	TN	4304	9900	1152
gemma4:31b-it-q4_K_M	f16_r	TN	1152	9900	4304
gemma4:31b-it-q4_K_M	f16_r	TN	1152	9900	1152
gemma4:31b-it-q4_K_M	f16_r	TN	1152	9900	1152
gemma4:31b-it-q4_K_M	f16_r	TN	1152	9900	1152
gemma4:31b-it-q4_K_M	f16_r	TN	1152	9900	1152
gemma4:31b-it-q4_K_M	f16_r	TN	4304	9900	1152
gemma4:31b-it-q4_K_M	f16_r	TN	4304	9900	1152
gemma4:31b-it-q4_K_M	f16_r	TN	1152	9900	4304
gemma4:31b-it-q4_K_M	f16_r	TN	5376	1100	1152
gemma4:31b-it-q4_K_M	f16_r	TN	4096	1100	5376
gemma4:31b-it-q4_K_M	f16_r	TN	5376	1100	21504
gemma4:31b-it-q4_K_M	f16_r	TN	4096	1100	5376
gemma4:31b-it-q4_K_M	f16_r	TN	5376	1100	21504
gemma4:31b-it-q4_K_M	f16_r	TN	4096	1100	5376
gemma4:31b-it-q4_K_M	f16_r	TN	5376	1100	21504
gemma4:31b-it-q4_K_M	f16_r	TN	4096	1100	5376
gemma4:31b-it-q4_K_M	f16_r	TN	5376	1100	21504
gemma4:31b-it-q4_K_M	f16_r	TN	4096	1100	5376
gemma4:31b-it-q4_K_M	f16_r	TN	5376	1100	21504
gemma4:31b-it-q4_K_M	f16_r	TN	5376	1100	21504
gemma4:31b-it-q4_K_M	f16_r	TN	4096	1100	5376
gemma4:31b-it-q4_K_M	f16_r	TN	5376	1100	21504
gemma4:31b-it-q4_K_M	f16_r	TN	4096	1100	5376
gemma4:31b-it-q4_K_M	f16_r	TN	4096	1100	5376
gemma4:31b-it-q4_K_M	f16_r	TN	4096	1100	5376
gemma4:31b-it-q4_K_M	f16_r	TN	5376	1100	21504
gemma4:31b-it-q4_K_M	f16_r	TN	5376	1100	21504
gemma4:31b-it-q4_K_M	f16_r	TN	4096	1100	5376
gemma4:31b-it-q4_K_M	f16_r	TN	5376	1100	21504
gemma4:31b-it-q4_K_M	f16_r	TN	4096	1100	5376
gemma4:31b-it-q4_K_M	f16_r	TN	5376	1100	21504
gemma4:31b-it-q4_K_M	f16_r	TN	4096	1100	5376
gemma4:31b-it-q4_K_M	f16_r	TN	5376	1100	21504
gemma4:31b-it-q4_K_M	f16_r	TN	4096	1100	5376
gemma4:31b-it-q4_K_M	f16_r	TN	5376	1100	21504
gemma4:31b-it-q4_K_M	f16_r	TN	4096	1100	5376
gemma4:31b-it-q4_K_M	f16_r	TN	5376	1100	21504
gemma4:31b-it-q4_K_M	f16_r	TN	5376	1100	21504
gemma4:31b-it-q4_K_M	f16_r	TN	4096	1100	5376
gemma4:31b-it-q4_K_M	f16_r	TN	5376	1100	21504
gemma4:31b-it-q4_K_M	f16_r	TN	4096	1100	5376
gemma4:31b-it-q4_K_M	f16_r	TN	5376	1100	21504
gemma4:31b-it-q4_K_M	f16_r	TN	4096	1100	5376
gemma4:31b-it-q4_K_M	f16_r	TN	5376	1100	21504
gemma4:31b-it-q4_K_M	f16_r	TN	4096	1100	5376
gemma4:31b-it-q4_K_M	f16_r	TN	5376	1100	21504
gemma4:31b-it-q4_K_M	f16_r	TN	4096	1100	5376
gemma4:31b-it-q4_K_M	f16_r	TN	5376	1100	21504
gemma4:31b-it-q4_K_M	f16_r	TN	5376	1100	21504
gemma4:31b-it-q4_K_M	f16_r	TN	4096	1100	5376
gemma4:31b-it-q4_K_M	f16_r	TN	5376	1100	21504
gemma4:31b-it-q4_K_M	f16_r	TN	4096	1100	5376
gemma4:31b-it-q4_K_M	f16_r	TN	5376	1100	21504
gemma4:31b-it-q4_K_M	f16_r	TN	5376	1100	21504
gemma4:31b-it-q4_K_M	f16_r	TN	5376	1100	21504
gemma4:31b-it-q4_K_M	f16_r	TN	5376	1100	21504
gemma4:31b-it-q4_K_M	f16_r	TN	4096	1100	5376
gemma4:31b-it-q4_K_M	f16_r	TN	5376	1100	21504
gemma4:31b-it-q4_K_M	f16_r	TN	5376	1100	21504
gemma4:31b-it-q4_K_M	f16_r	TN	5376	1100	21504
gemma4:31b-it-q4_K_M	f16_r	TN	5376	1100	21504
qwen3.8:27b-q4_K_M	f16_r	TN	8160	1152	768
qwen3.8:27b-q4_K_M	f16_r	TN	8160	1152	768
qwen3.8:27b-q4_K_M	bf16_r	TN	3456	8160	1152
qwen3.8:27b-q4_K_M	bf16_r	TN	1152	8160	1152
qwen3.8:27b-q4_K_M	bf16_r	TN	4304	8160	1152
qwen3.8:27b-q4_K_M	bf16_r	TN	1152	8160	4304
qwen3.8:27b-q4_K_M	bf16_r	TN	3456	8160	1152
qwen3.8:27b-q4_K_M	bf16_r	TN	1152	8160	1152
qwen3.8:27b-q4_K_M	bf16_r	TN	4304	8160	1152
qwen3.8:27b-q4_K_M	bf16_r	TN	1152	8160	4304
qwen3.8:27b-q4_K_M	bf16_r	TN	3456	8160	1152
qwen3.8:27b-q4_K_M	bf16_r	TN	1152	8160	1152
qwen3.8:27b-q4_K_M	bf16_r	TN	4304	8160	1152
qwen3.8:27b-q4_K_M	bf16_r	TN	1152	8160	4304
qwen3.8:27b-q4_K_M	bf16_r	TN	3456	8160	1152
qwen3.8:27b-q4_K_M	bf16_r	TN	1152	8160	1152
qwen3.8:27b-q4_K_M	bf16_r	TN	4304	8160	1152
qwen3.8:27b-q4_K_M	bf16_r	TN	1152	8160	4304
qwen3.8:27b-q4_K_M	bf16_r	TN	3456	8160	1152
qwen3.8:27b-q4_K_M	bf16_r	TN	1152	8160	1152
qwen3.8:27b-q4_K_M	bf16_r	TN	4304	8160	1152
qwen3.8:27b-q4_K_M	bf16_r	TN	1152	8160	4304
qwen3.8:27b-q4_K_M	bf16_r	TN	3456	8160	1152
qwen3.8:27b-q4_K_M	bf16_r	TN	1152	8160	1152
qwen3.8:27b-q4_K_M	bf16_r	TN	4304	8160	1152
qwen3.8:27b-q4_K_M	bf16_r	TN	1152	8160	4304
qwen3.8:27b-q4_K_M	bf16_r	TN	3456	8160	1152
qwen3.8:27b-q4_K_M	bf16_r	TN	1152	8160	1152
qwen3.8:27b-q4_K_M	bf16_r	TN	4304	8160	1152
qwen3.8:27b-q4_K_M	bf16_r	TN	1152	8160	4304
qwen3.8:27b-q4_K_M	bf16_r	TN	3456	8160	1152
qwen3.8:27b-q4_K_M	bf16_r	TN	1152	8160	1152
qwen3.8:27b-q4_K_M	bf16_r	TN	4304	8160	1152
qwen3.8:27b-q4_K_M	bf16_r	TN	1152	8160	4304
qwen3.8:27b-q4_K_M	bf16_r	TN	3456	8160	1152
qwen3.8:27b-q4_K_M	bf16_r	TN	1152	8160	1152
qwen3.8:27b-q4_K_M	bf16_r	TN	4304	8160	1152
qwen3.8:27b-q4_K_M	bf16_r	TN	1152	8160	4304
qwen3.8:27b-q4_K_M	bf16_r	TN	3456	8160	1152
qwen3.8:27b-q4_K_M	bf16_r	TN	1152	8160	1152
qwen3.8:27b-q4_K_M	bf16_r	TN	4304	8160	1152
qwen3.8:27b-q4_K_M	bf16_r	TN	1152	8160	4304
qwen3.8:27b-q4_K_M	bf16_r	TN	3456	8160	1152
qwen3.8:27b-q4_K_M	bf16_r	TN	1152	8160	1152
qwen3.8:27b-q4_K_M	bf16_r	TN	4304	8160	1152
qwen3.8:27b-q4_K_M	bf16_r	TN	1152	8160	4304
qwen3.8:27b-q4_K_M	bf16_r	TN	3456	8160	1152
qwen3.8:27b-q4_K_M	bf16_r	TN	1152	8160	1152
qwen3.8:27b-q4_K_M	bf16_r	TN	4304	8160	1152
qwen3.8:27b-q4_K_M	bf16_r	TN	1152	8160	4304
qwen3.8:27b-q4_K_M	bf16_r	TN	3456	8160	1152
qwen3.8:27b-q4_K_M	bf16_r	TN	1152	8160	1152
qwen3.8:27b-q4_K_M	bf16_r	TN	4304	8160	1152
qwen3.8:27b-q4_K_M	bf16_r	TN	1152	8160	4304
qwen3.8:27b-q4_K_M	bf16_r	TN	3456	8160	1152
qwen3.8:27b-q4_K_M	bf16_r	TN	1152	8160	1152
qwen3.8:27b-q4_K_M	bf16_r	TN	4304	8160	1152
qwen3.8:27b-q4_K_M	bf16_r	TN	1152	8160	4304
qwen3.8:27b-q4_K_M	bf16_r	TN	3456	8160	1152
qwen3.8:27b-q4_K_M	bf16_r	TN	1152	8160	1152
qwen3.8:27b-q4_K_M	bf16_r	TN	4304	8160	1152
qwen3.8:27b-q4_K_M	bf16_r	TN	1152	8160	4304
qwen3.8:27b-q4_K_M	bf16_r	TN	3456	8160	1152
qwen3.8:27b-q4_K_M	bf16_r	TN	1152	8160	1152
qwen3.8:27b-q4_K_M	bf16_r	TN	4304	8160	1152
qwen3.8:27b-q4_K_M	bf16_r	TN	1152	8160	4304
qwen3.8:27b-q4_K_M	bf16_r	TN	3456	8160	1152
qwen3.8:27b-q4_K_M	bf16_r	TN	1152	8160	1152
qwen3.8:27b-q4_K_M	bf16_r	TN	4304	8160	1152
qwen3.8:27b-q4_K_M	bf16_r	TN	1152	8160	4304
qwen3.8:27b-q4_K_M	bf16_r	TN	3456	8160	1152
qwen3.8:27b-q4_K_M	bf16_r	TN	1152	8160	1152
qwen3.8:27b-q4_K_M	bf16_r	TN	4304	8160	1152
qwen3.8:27b-q4_K_M	bf16_r	TN	1152	8160	4304
qwen3.8:27b-q4_K_M	bf16_r	TN	3456	8160	1152
qwen3.8:27b-q4_K_M	bf16_r	TN	1152	8160	1152
qwen3.8:27b-q4_K_M	bf16_r	TN	4304	8160	1152
qwen3.8:27b-q4_K_M	bf16_r	TN	1152	8160	4304
qwen3.8:27b-q4_K_M	bf16_r	TN	3456	8160	1152
qwen3.8:27b-q4_K_M	bf16_r	TN	1152	8160	1152
qwen3.8:27b-q4_K_M	bf16_r	TN	4304	8160	1152
qwen3.8:27b-q4_K_M	bf16_r	TN	1152	8160	4304
qwen3.8:27b-q4_K_M	bf16_r	TN	3456	8160	1152
qwen3.8:27b-q4_K_M	bf16_r	TN	1152	8160	1152
qwen3.8:27b-q4_K_M	bf16_r	TN	4304	8160	1152
qwen3.8:27b-q4_K_M	bf16_r	TN	1152	8160	4304
qwen3.8:27b-q4_K_M	bf16_r	TN	3456	8160	1152
qwen3.8:27b-q4_K_M	bf16_r	TN	1152	8160	1152
qwen3.8:27b-q4_K_M	bf16_r	TN	4304	8160	1152
qwen3.8:27b-q4_K_M	bf16_r	TN	1152	8160	4304
qwen3.8:27b-q4_K_M	bf16_r	TN	3456	8160	1152
qwen3.8:27b-q4_K_M	bf16_r	TN	1152	8160	1152
qwen3.8:27b-q4_K_M	bf16_r	TN	4304	8160	1152
qwen3.8:27b-q4_K_M	bf16_r	TN	1152	8160	4304
qwen3.8:27b-q4_K_M	bf16_r	TN	3456	8160	1152
qwen3.8:27b-q4_K_M	bf16_r	TN	1152	8160	1152
qwen3.8:27b-q4_K_M	bf16_r	TN	4304	8160	1152
qwen3.8:27b-q4_K_M	bf16_r	TN	1152	8160	4304
qwen3.8:27b-q4_K_M	bf16_r	TN	3456	8160	1152
qwen3.8:27b-q4_K_M	bf16_r	TN	1152	8160	1152
qwen3.8:27b-q4_K_M	bf16_r	TN	4304	8160	1152
qwen3.8:27b-q4_K_M	bf16_r	TN	1152	8160	4304
qwen3.8:27b-q4_K_M	bf16_r	TN	3456	8160	1152
qwen3.8:27b-q4_K_M	bf16_r	TN	1152	8160	1152
qwen3.8:27b-q4_K_M	bf16_r	TN	4304	8160	1152
qwen3.8:27b-q4_K_M	bf16_r	TN	1152	8160	4304
qwen3.8:27b-q4_K_M	bf16_r	TN	3456	8160	1152
qwen3.8:27b-q4_K_M	bf16_r	TN	1152	8160	1152
qwen3.8:27b-q4_K_M	bf16_r	TN	4304	8160	1152
qwen3.8:27b-q4_K_M	bf16_r	TN	1152	8160	4304
qwen3.8:27b-q4_K_M	bf16_r	TN	4608	2040	4608
qwen3.8:27b-q4_K_M	bf16_r	TN	5120	2040	4608
qwen3.8:27b-q4_K_M	f16_r	TN	10240	1024	5120
qwen3.8:27b-q4_K_M	f16_r	TN	5120	1024	17408
qwen3.8:27b-q4_K_M	f16_r	TN	10240	1024	5120
qwen3.8:27b-q4_K_M	f16_r	TN	5120	1024	17408
qwen3.8:27b-q4_K_M	f16_r	TN	10240	1024	5120
qwen3.8:27b-q4_K_M	f16_r	TN	5120	1024	17408
qwen3.8:27b-q4_K_M	f16_r	TN	1024	1024	5120
qwen3.8:27b-q4_K_M	f16_r	TN	5120	1024	17408
qwen3.8:27b-q4_K_M	f16_r	TN	10240	1024	5120
qwen3.8:27b-q4_K_M	f16_r	TN	5120	1024	17408
qwen3.8:27b-q4_K_M	f16_r	TN	10240	1024	5120
qwen3.8:27b-q4_K_M	f16_r	TN	5120	1024	17408
qwen3.8:27b-q4_K_M	f16_r	TN	10240	1024	5120
qwen3.8:27b-q4_K_M	f16_r	TN	5120	1024	17408
qwen3.8:27b-q4_K_M	f16_r	TN	1024	1024	5120
qwen3.8:27b-q4_K_M	f16_r	TN	5120	1024	17408
qwen3.8:27b-q4_K_M	f16_r	TN	10240	1024	5120
qwen3.8:27b-q4_K_M	f16_r	TN	5120	1024	17408
qwen3.8:27b-q4_K_M	f16_r	TN	10240	1024	5120
qwen3.8:27b-q4_K_M	f16_r	TN	5120	1024	17408
qwen3.8:27b-q4_K_M	f16_r	TN	10240	1024	5120
qwen3.8:27b-q4_K_M	f16_r	TN	5120	1024	17408
qwen3.8:27b-q4_K_M	f16_r	TN	1024	1024	5120
qwen3.8:27b-q4_K_M	f16_r	TN	5120	1024	17408
qwen3.8:27b-q4_K_M	f16_r	TN	10240	1024	5120
qwen3.8:27b-q4_K_M	f16_r	TN	5120	1024	17408
qwen3.8:27b-q4_K_M	f16_r	TN	10240	1024	5120
qwen3.8:27b-q4_K_M	f16_r	TN	5120	1024	17408
qwen3.8:27b-q4_K_M	f16_r	TN	10240	1024	5120
qwen3.8:27b-q4_K_M	f16_r	TN	5120	1024	17408
qwen3.8:27b-q4_K_M	f16_r	TN	1024	1024	5120
qwen3.8:27b-q4_K_M	f16_r	TN	5120	1024	17408
qwen3.8:27b-q4_K_M	f16_r	TN	10240	1024	5120
qwen3.8:27b-q4_K_M	f16_r	TN	5120	1024	17408
qwen3.8:27b-q4_K_M	f16_r	TN	10240	1024	5120
qwen3.8:27b-q4_K_M	f16_r	TN	5120	1024	17408
qwen3.8:27b-q4_K_M	f16_r	TN	10240	1024	5120
qwen3.8:27b-q4_K_M	f16_r	TN	5120	1024	17408
qwen3.8:27b-q4_K_M	f16_r	TN	1024	1024	5120
qwen3.8:27b-q4_K_M	f16_r	TN	5120	1024	17408
qwen3.8:27b-q4_K_M	f16_r	TN	10240	1024	5120
qwen3.8:27b-q4_K_M	f16_r	TN	5120	1024	17408
qwen3.8:27b-q4_K_M	f16_r	TN	10240	1024	5120
qwen3.8:27b-q4_K_M	f16_r	TN	5120	1024	17408
qwen3.8:27b-q4_K_M	f16_r	TN	10240	1024	5120
qwen3.8:27b-q4_K_M	f16_r	TN	5120	1024	17408
qwen3.8:27b-q4_K_M	f16_r	TN	1024	1024	5120
qwen3.8:27b-q4_K_M	f16_r	TN	5120	1024	17408
qwen3.8:27b-q4_K_M	f16_r	TN	10240	1024	5120
qwen3.8:27b-q4_K_M	f16_r	TN	5120	1024	17408
qwen3.8:27b-q4_K_M	f16_r	TN	10240	1024	5120
qwen3.8:27b-q4_K_M	f16_r	TN	5120	1024	17408
qwen3.8:27b-q4_K_M	f16_r	TN	10240	1024	5120
qwen3.8:27b-q4_K_M	f16_r	TN	5120	1024	17408
qwen3.8:27b-q4_K_M	f16_r	TN	1024	1024	5120
qwen3.8:27b-q4_K_M	f16_r	TN	5120	1024	17408
qwen3.8:27b-q4_K_M	f16_r	TN	10240	1024	5120
qwen3.8:27b-q4_K_M	f16_r	TN	5120	1024	17408
qwen3.8:27b-q4_K_M	f16_r	TN	10240	1024	5120
qwen3.8:27b-q4_K_M	f16_r	TN	5120	1024	17408
qwen3.8:27b-q4_K_M	f16_r	TN	10240	1024	5120
qwen3.8:27b-q4_K_M	f16_r	TN	5120	1024	17408
qwen3.8:27b-q4_K_M	f16_r	TN	1024	1024	5120
qwen3.8:27b-q4_K_M	f16_r	TN	5120	1024	17408
qwen3.8:27b-q4_K_M	f16_r	TN	10240	1016	5120
qwen3.8:27b-q4_K_M	f16_r	TN	5120	1016	17408
qwen3.8:27b-q4_K_M	f16_r	TN	10240	1016	5120
qwen3.8:27b-q4_K_M	f16_r	TN	5120	1016	17408
qwen3.8:27b-q4_K_M	f16_r	TN	10240	1016	5120
qwen3.8:27b-q4_K_M	f16_r	TN	5120	1016	17408
qwen3.8:27b-q4_K_M	f16_r	TN	1024	1016	5120
qwen3.8:27b-q4_K_M	f16_r	TN	5120	1016	17408
qwen3.8:27b-q4_K_M	f16_r	TN	10240	1016	5120
qwen3.8:27b-q4_K_M	f16_r	TN	5120	1016	17408
qwen3.8:27b-q4_K_M	f16_r	TN	10240	1016	5120
qwen3.8:27b-q4_K_M	f16_r	TN	5120	1016	17408
qwen3.8:27b-q4_K_M	f16_r	TN	10240	1016	5120
qwen3.8:27b-q4_K_M	f16_r	TN	5120	1016	17408
qwen3.8:27b-q4_K_M	f16_r	TN	1024	1016	5120
qwen3.8:27b-q4_K_M	f16_r	TN	5120	1016	17408
qwen3.8:27b-q4_K_M	f16_r	TN	10240	1016	5120
qwen3.8:27b-q4_K_M	f16_r	TN	5120	1016	17408
qwen3.8:27b-q4_K_M	f16_r	TN	10240	1016	5120
qwen3.8:27b-q4_K_M	f16_r	TN	5120	1016	17408
qwen3.8:27b-q4_K_M	f16_r	TN	10240	1016	5120
qwen3.8:27b-q4_K_M	f16_r	TN	5120	1016	17408
qwen3.8:27b-q4_K_M	f16_r	TN	1024	1016	5120
qwen3.8:27b-q4_K_M	f16_r	TN	5120	1016	17408
qwen3.8:27b-q4_K_M	f16_r	TN	10240	1016	5120
qwen3.8:27b-q4_K_M	f16_r	TN	5120	1016	17408
qwen3.8:27b-q4_K_M	f16_r	TN	10240	1016	5120
qwen3.8:27b-q4_K_M	f16_r	TN	5120	1016	17408
qwen3.8:27b-q4_K_M	f16_r	TN	10240	1016	5120
qwen3.8:27b-q4_K_M	f16_r	TN	5120	1016	17408
qwen3.8:27b-q4_K_M	f16_r	TN	1024	1016	5120
qwen3.8:27b-q4_K_M	f16_r	TN	5120	1016	17408
qwen3.8:27b-q4_K_M	f16_r	TN	10240	1016	5120
qwen3.8:27b-q4_K_M	f16_r	TN	5120	1016	17408
qwen3.8:27b-q4_K_M	f16_r	TN	10240	1016	5120
qwen3.8:27b-q4_K_M	f16_r	TN	5120	1016	17408
qwen3.8:27b-q4_K_M	f16_r	TN	10240	1016	5120
qwen3.8:27b-q4_K_M	f16_r	TN	5120	1016	17408
qwen3.8:27b-q4_K_M	f16_r	TN	1024	1016	5120
qwen3.8:27b-q4_K_M	f16_r	TN	5120	1016	17408
qwen3.8:27b-q4_K_M	f16_r	TN	10240	1016	5120
qwen3.8:27b-q4_K_M	f16_r	TN	5120	1016	17408
qwen3.8:27b-q4_K_M	f16_r	TN	10240	1016	5120
qwen3.8:27b-q4_K_M	f16_r	TN	5120	1016	17408
qwen3.8:27b-q4_K_M	f16_r	TN	10240	1016	5120
qwen3.8:27b-q4_K_M	f16_r	TN	5120	1016	17408
qwen3.8:27b-q4_K_M	f16_r	TN	1024	1016	5120
qwen3.8:27b-q4_K_M	f16_r	TN	5120	1016	17408
qwen3.8:27b-q4_K_M	f16_r	TN	10240	1016	5120
qwen3.8:27b-q4_K_M	f16_r	TN	5120	1016	17408
qwen3.8:27b-q4_K_M	f16_r	TN	10240	1016	5120
qwen3.8:27b-q4_K_M	f16_r	TN	5120	1016	17408
qwen3.8:27b-q4_K_M	f16_r	TN	10240	1016	5120
qwen3.8:27b-q4_K_M	f16_r	TN	5120	1016	17408
qwen3.8:27b-q4_K_M	f16_r	TN	1024	1016	5120
qwen3.8:27b-q4_K_M	f16_r	TN	5120	1016	17408
qwen3.8:27b-q4_K_M	f16_r	TN	10240	1016	5120
qwen3.8:27b-q4_K_M	f16_r	TN	5120	1016	17408
qwen3.8:27b-q4_K_M	f16_r	TN	10240	1016	5120
qwen3.8:27b-q4_K_M	f16_r	TN	5120	1016	17408
qwen3.8:27b-q4_K_M	f16_r	TN	10240	1016	5120
qwen3.8:27b-q4_K_M	f16_r	TN	5120	1016	17408
qwen3.8:27b-q4_K_M	f16_r	TN	1024	1016	5120
qwen3.8:27b-q4_K_M	f16_r	TN	5120	1016	17408
nemotron3:33b-q4_K_M	f32_r	TN	128	9	2688
nemotron3:33b-q4_K_M	f32_r	TN	128	9	2688
nemotron3:33b-q4_K_M	f32_r	TN	128	9	2688
nemotron3:33b-q4_K_M	f32_r	TN	128	9	2688
nemotron3:33b-q4_K_M	f32_r	TN	128	9	2688
nemotron3:33b-q4_K_M	f32_r	TN	128	9	2688
nemotron3:33b-q4_K_M	f32_r	TN	128	9	2688
nemotron3:33b-q4_K_M	f32_r	TN	128	9	2688
nemotron3:33b-q4_K_M	f32_r	TN	128	9	2688
nemotron3:33b-q4_K_M	f32_r	TN	128	9	2688
nemotron3:33b-q4_K_M	f32_r	TN	128	9	2688
nemotron3:33b-q4_K_M	f32_r	TN	128	9	2688
nemotron3:33b-q4_K_M	f32_r	TN	128	9	2688
nemotron3:33b-q4_K_M	f32_r	TN	128	9	2688
nemotron3:33b-q4_K_M	f32_r	TN	128	9	2688
nemotron3:33b-q4_K_M	f32_r	TN	128	9	2688
nemotron3:33b-q4_K_M	f32_r	TN	128	9	2688
nemotron3:33b-q4_K_M	f32_r	TN	128	9	2688
nemotron3:33b-q4_K_M	f32_r	TN	128	9	2688
nemotron3:33b-q4_K_M	f32_r	TN	128	9	2688
nemotron3:33b-q4_K_M	f32_r	TN	128	9	2688
nemotron3:33b-q4_K_M	f32_r	TN	128	9	2688
nemotron3:33b-q4_K_M	f32_r	TN	128	9	2688
nemotron3:33b-q4_K_M	f16_r	TN	8160	1280	768
nemotron3:33b-q4_K_M	f16_r	TN	1280	8170	1280
nemotron3:33b-q4_K_M	f16_r	TN	1280	8170	1280
nemotron3:33b-q4_K_M	f16_r	TN	1280	8170	1280
nemotron3:33b-q4_K_M	f16_r	TN	1280	8170	1280
nemotron3:33b-q4_K_M	f16_r	TN	5120	8170	1280
nemotron3:33b-q4_K_M	f16_r	TN	1280	8170	5120
nemotron3:33b-q4_K_M	f16_r	TN	1280	8170	1280
nemotron3:33b-q4_K_M	f16_r	TN	1280	8170	1280
nemotron3:33b-q4_K_M	f16_r	TN	1280	8170	1280
nemotron3:33b-q4_K_M	f16_r	TN	1280	8170	1280
nemotron3:33b-q4_K_M	f16_r	TN	5120	8170	1280
nemotron3:33b-q4_K_M	f16_r	TN	1280	8170	5120
nemotron3:33b-q4_K_M	f16_r	TN	1280	8170	1280
nemotron3:33b-q4_K_M	f16_r	TN	1280	8170	1280
nemotron3:33b-q4_K_M	f16_r	TN	1280	8170	1280
nemotron3:33b-q4_K_M	f16_r	TN	1280	8170	1280
nemotron3:33b-q4_K_M	f16_r	TN	5120	8170	1280
nemotron3:33b-q4_K_M	f16_r	TN	1280	8170	5120
nemotron3:33b-q4_K_M	f16_r	TN	1280	8170	1280
nemotron3:33b-q4_K_M	f16_r	TN	1280	8170	1280
nemotron3:33b-q4_K_M	f16_r	TN	1280	8170	1280
nemotron3:33b-q4_K_M	f16_r	TN	1280	8170	1280
nemotron3:33b-q4_K_M	f16_r	TN	5120	8170	1280
nemotron3:33b-q4_K_M	f16_r	TN	1280	8170	5120
nemotron3:33b-q4_K_M	f16_r	TN	1280	8170	1280
nemotron3:33b-q4_K_M	f16_r	TN	1280	8170	1280
nemotron3:33b-q4_K_M	f16_r	TN	1280	8170	1280
nemotron3:33b-q4_K_M	f16_r	TN	1280	8170	1280
nemotron3:33b-q4_K_M	f16_r	TN	5120	8170	1280
nemotron3:33b-q4_K_M	f16_r	TN	1280	8170	5120
nemotron3:33b-q4_K_M	f16_r	TN	1280	8170	1280
nemotron3:33b-q4_K_M	f16_r	TN	1280	8170	1280
nemotron3:33b-q4_K_M	f16_r	TN	1280	8170	1280
nemotron3:33b-q4_K_M	f16_r	TN	1280	8170	1280
nemotron3:33b-q4_K_M	f16_r	TN	5120	8170	1280
nemotron3:33b-q4_K_M	f16_r	TN	1280	8170	5120
nemotron3:33b-q4_K_M	f16_r	TN	1280	8170	1280
nemotron3:33b-q4_K_M	f16_r	TN	1280	8170	1280
nemotron3:33b-q4_K_M	f16_r	TN	1280	8170	1280
nemotron3:33b-q4_K_M	f16_r	TN	1280	8170	1280
nemotron3:33b-q4_K_M	f16_r	TN	5120	8170	1280
nemotron3:33b-q4_K_M	f16_r	TN	1280	8170	5120
nemotron3:33b-q4_K_M	f16_r	TN	1280	8170	1280
nemotron3:33b-q4_K_M	f16_r	TN	1280	8170	1280
nemotron3:33b-q4_K_M	f16_r	TN	1280	8170	1280
nemotron3:33b-q4_K_M	f16_r	TN	1280	8170	1280
nemotron3:33b-q4_K_M	f16_r	TN	5120	8170	1280
nemotron3:33b-q4_K_M	f16_r	TN	1280	8170	5120
nemotron3:33b-q4_K_M	f16_r	TN	1280	8170	1280
nemotron3:33b-q4_K_M	f16_r	TN	1280	8170	1280
nemotron3:33b-q4_K_M	f16_r	TN	1280	8170	1280
nemotron3:33b-q4_K_M	f16_r	TN	1280	8170	1280
nemotron3:33b-q4_K_M	f16_r	TN	5120	8170	1280
nemotron3:33b-q4_K_M	f16_r	TN	1280	8170	5120
nemotron3:33b-q4_K_M	f16_r	TN	1280	8170	1280
nemotron3:33b-q4_K_M	f16_r	TN	1280	8170	1280
nemotron3:33b-q4_K_M	f16_r	TN	1280	8170	1280
nemotron3:33b-q4_K_M	f16_r	TN	1280	8170	1280
nemotron3:33b-q4_K_M	f16_r	TN	5120	8170	1280
nemotron3:33b-q4_K_M	f16_r	TN	1280	8170	5120
nemotron3:33b-q4_K_M	f16_r	TN	1280	8170	1280
nemotron3:33b-q4_K_M	f16_r	TN	1280	8170	1280
nemotron3:33b-q4_K_M	f16_r	TN	1280	8170	1280
nemotron3:33b-q4_K_M	f16_r	TN	1280	8170	1280
nemotron3:33b-q4_K_M	f16_r	TN	5120	8170	1280
nemotron3:33b-q4_K_M	f16_r	TN	1280	8170	5120
nemotron3:33b-q4_K_M	f16_r	TN	1280	8170	1280
nemotron3:33b-q4_K_M	f16_r	TN	1280	8170	1280
nemotron3:33b-q4_K_M	f16_r	TN	1280	8170	1280
nemotron3:33b-q4_K_M	f16_r	TN	1280	8170	1280
nemotron3:33b-q4_K_M	f16_r	TN	5120	8170	1280
nemotron3:33b-q4_K_M	f16_r	TN	1280	8170	5120
nemotron3:33b-q4_K_M	f16_r	TN	1280	8170	1280
nemotron3:33b-q4_K_M	f16_r	TN	1280	8170	1280
nemotron3:33b-q4_K_M	f16_r	TN	1280	8170	1280
nemotron3:33b-q4_K_M	f16_r	TN	1280	8170	1280
nemotron3:33b-q4_K_M	f16_r	TN	5120	8170	1280
nemotron3:33b-q4_K_M	f16_r	TN	1280	8170	5120
nemotron3:33b-q4_K_M	f16_r	TN	1280	8170	1280
nemotron3:33b-q4_K_M	f16_r	TN	1280	8170	1280
nemotron3:33b-q4_K_M	f16_r	TN	1280	8170	1280
nemotron3:33b-q4_K_M	f16_r	TN	1280	8170	1280
nemotron3:33b-q4_K_M	f16_r	TN	5120	8170	1280
nemotron3:33b-q4_K_M	f16_r	TN	1280	8170	5120
nemotron3:33b-q4_K_M	f16_r	TN	1280	8170	1280
nemotron3:33b-q4_K_M	f16_r	TN	1280	8170	1280
nemotron3:33b-q4_K_M	f16_r	TN	1280	8170	1280
nemotron3:33b-q4_K_M	f16_r	TN	1280	8170	1280
nemotron3:33b-q4_K_M	f16_r	TN	5120	8170	1280
nemotron3:33b-q4_K_M	f16_r	TN	1280	8170	5120
nemotron3:33b-q4_K_M	f16_r	TN	1280	8170	1280
nemotron3:33b-q4_K_M	f16_r	TN	1280	8170	1280
nemotron3:33b-q4_K_M	f16_r	TN	1280	8170	1280
nemotron3:33b-q4_K_M	f16_r	TN	1280	8170	1280
nemotron3:33b-q4_K_M	f16_r	TN	5120	8170	1280
nemotron3:33b-q4_K_M	f16_r	TN	1280	8170	5120
nemotron3:33b-q4_K_M	f16_r	TN	1280	8170	1280
nemotron3:33b-q4_K_M	f16_r	TN	1280	8170	1280
nemotron3:33b-q4_K_M	f16_r	TN	1280	8170	1280
nemotron3:33b-q4_K_M	f16_r	TN	1280	8170	1280
nemotron3:33b-q4_K_M	f16_r	TN	5120	8170	1280
nemotron3:33b-q4_K_M	f16_r	TN	1280	8170	5120
nemotron3:33b-q4_K_M	f16_r	TN	1280	8170	1280
nemotron3:33b-q4_K_M	f16_r	TN	1280	8170	1280
nemotron3:33b-q4_K_M	f16_r	TN	1280	8170	1280
nemotron3:33b-q4_K_M	f16_r	TN	1280	8170	1280
nemotron3:33b-q4_K_M	f16_r	TN	5120	8170	1280
nemotron3:33b-q4_K_M	f16_r	TN	1280	8170	5120
nemotron3:33b-q4_K_M	f16_r	TN	1280	8170	1280
nemotron3:33b-q4_K_M	f16_r	TN	1280	8170	1280
nemotron3:33b-q4_K_M	f16_r	TN	1280	8170	1280
nemotron3:33b-q4_K_M	f16_r	TN	1280	8170	1280
nemotron3:33b-q4_K_M	f16_r	TN	5120	8170	1280
nemotron3:33b-q4_K_M	f16_r	TN	1280	8170	5120
nemotron3:33b-q4_K_M	f16_r	TN	1280	8170	1280
nemotron3:33b-q4_K_M	f16_r	TN	1280	8170	1280
nemotron3:33b-q4_K_M	f16_r	TN	1280	8170	1280
nemotron3:33b-q4_K_M	f16_r	TN	1280	8170	1280
nemotron3:33b-q4_K_M	f16_r	TN	5120	8170	1280
nemotron3:33b-q4_K_M	f16_r	TN	1280	8170	5120
nemotron3:33b-q4_K_M	f16_r	TN	1280	8170	1280
nemotron3:33b-q4_K_M	f16_r	TN	1280	8170	1280
nemotron3:33b-q4_K_M	f16_r	TN	1280	8170	1280
nemotron3:33b-q4_K_M	f16_r	TN	1280	8170	1280
nemotron3:33b-q4_K_M	f16_r	TN	5120	8170	1280
nemotron3:33b-q4_K_M	f16_r	TN	1280	8170	5120
nemotron3:33b-q4_K_M	f16_r	TN	1280	8170	1280
nemotron3:33b-q4_K_M	f16_r	TN	1280	8170	1280
nemotron3:33b-q4_K_M	f16_r	TN	1280	8170	1280
nemotron3:33b-q4_K_M	f16_r	TN	1280	8170	1280
nemotron3:33b-q4_K_M	f16_r	TN	5120	8170	1280
nemotron3:33b-q4_K_M	f16_r	TN	1280	8170	5120
nemotron3:33b-q4_K_M	f16_r	TN	1280	8170	1280
nemotron3:33b-q4_K_M	f16_r	TN	1280	8170	1280
nemotron3:33b-q4_K_M	f16_r	TN	1280	8170	1280
nemotron3:33b-q4_K_M	f16_r	TN	1280	8170	1280
nemotron3:33b-q4_K_M	f16_r	TN	5120	8170	1280
nemotron3:33b-q4_K_M	f16_r	TN	1280	8170	5120
nemotron3:33b-q4_K_M	f16_r	TN	1280	8170	1280
nemotron3:33b-q4_K_M	f16_r	TN	1280	8170	1280
nemotron3:33b-q4_K_M	f16_r	TN	1280	8170	1280
nemotron3:33b-q4_K_M	f16_r	TN	1280	8170	1280
nemotron3:33b-q4_K_M	f16_r	TN	5120	8170	1280
nemotron3:33b-q4_K_M	f16_r	TN	1280	8170	5120
nemotron3:33b-q4_K_M	f16_r	TN	1280	8170	1280
nemotron3:33b-q4_K_M	f16_r	TN	1280	8170	1280
nemotron3:33b-q4_K_M	f16_r	TN	1280	8170	1280
nemotron3:33b-q4_K_M	f16_r	TN	1280	8170	1280
nemotron3:33b-q4_K_M	f16_r	TN	5120	8170	1280
nemotron3:33b-q4_K_M	f16_r	TN	1280	8170	5120
nemotron3:33b-q4_K_M	f16_r	TN	1280	8170	1280
nemotron3:33b-q4_K_M	f16_r	TN	1280	8170	1280
nemotron3:33b-q4_K_M	f16_r	TN	1280	8170	1280
nemotron3:33b-q4_K_M	f16_r	TN	1280	8170	1280
nemotron3:33b-q4_K_M	f16_r	TN	5120	8170	1280
nemotron3:33b-q4_K_M	f16_r	TN	1280	8170	5120
nemotron3:33b-q4_K_M	f16_r	TN	1280	8170	1280
nemotron3:33b-q4_K_M	f16_r	TN	1280	8170	1280
nemotron3:33b-q4_K_M	f16_r	TN	1280	8170	1280
nemotron3:33b-q4_K_M	f16_r	TN	1280	8170	1280
nemotron3:33b-q4_K_M	f16_r	TN	5120	8170	1280
nemotron3:33b-q4_K_M	f16_r	TN	1280	8170	5120
nemotron3:33b-q4_K_M	f16_r	TN	1280	8170	1280
nemotron3:33b-q4_K_M	f16_r	TN	1280	8170	1280
nemotron3:33b-q4_K_M	f16_r	TN	1280	8170	1280
nemotron3:33b-q4_K_M	f16_r	TN	1280	8170	1280
nemotron3:33b-q4_K_M	f16_r	TN	5120	8170	1280
nemotron3:33b-q4_K_M	f16_r	TN	1280	8170	5120
nemotron3:33b-q4_K_M	f16_r	TN	1280	8170	1280
nemotron3:33b-q4_K_M	f16_r	TN	1280	8170	1280
nemotron3:33b-q4_K_M	f16_r	TN	1280	8170	1280
nemotron3:33b-q4_K_M	f16_r	TN	1280	8170	1280
nemotron3:33b-q4_K_M	f16_r	TN	5120	8170	1280
nemotron3:33b-q4_K_M	f16_r	TN	1280	8170	5120
nemotron3:33b-q4_K_M	f16_r	TN	1280	8170	1280
nemotron3:33b-q4_K_M	f16_r	TN	1280	8170	1280
nemotron3:33b-q4_K_M	f16_r	TN	1280	8170	1280
nemotron3:33b-q4_K_M	f16_r	TN	1280	8170	1280
nemotron3:33b-q4_K_M	f16_r	TN	5120	8170	1280
nemotron3:33b-q4_K_M	f16_r	TN	1280	8170	5120
nemotron3:33b-q4_K_M	f16_r	TN	1280	8170	1280
nemotron3:33b-q4_K_M	f16_r	TN	1280	8170	1280
nemotron3:33b-q4_K_M	f16_r	TN	1280	8170	1280
nemotron3:33b-q4_K_M	f16_r	TN	1280	8170	1280
nemotron3:33b-q4_K_M	f16_r	TN	5120	8170	1280
nemotron3:33b-q4_K_M	f16_r	TN	1280	8170	5120
nemotron3:33b-q4_K_M	f16_r	TN	1280	8170	1280
nemotron3:33b-q4_K_M	f16_r	TN	1280	8170	1280
nemotron3:33b-q4_K_M	f16_r	TN	1280	8170	1280
nemotron3:33b-q4_K_M	f16_r	TN	1280	8170	1280
nemotron3:33b-q4_K_M	f16_r	TN	5120	8170	1280
nemotron3:33b-q4_K_M	f16_r	TN	1280	8170	5120
nemotron3:33b-q4_K_M	f16_r	TN	20480	2040	5120
nemotron3:33b-q4_K_M	f16_r	TN	2688	2040	20480
nemotron3:33b-q4_K_M	f32_r	TN	128	1024	2688
nemotron3:33b-q4_K_M	f32_r	TN	128	1024	2688
nemotron3:33b-q4_K_M	f32_r	TN	128	1024	2688
nemotron3:33b-q4_K_M	f32_r	TN	128	1024	2688
nemotron3:33b-q4_K_M	f32_r	TN	128	1024	2688
nemotron3:33b-q4_K_M	f32_r	TN	128	1024	2688
nemotron3:33b-q4_K_M	f32_r	TN	128	1024	2688
nemotron3:33b-q4_K_M	f32_r	TN	128	1024	2688
nemotron3:33b-q4_K_M	f32_r	TN	128	1024	2688
nemotron3:33b-q4_K_M	f32_r	TN	128	1024	2688
nemotron3:33b-q4_K_M	f32_r	TN	128	1024	2688
nemotron3:33b-q4_K_M	f32_r	TN	128	1024	2688
nemotron3:33b-q4_K_M	f32_r	TN	128	1024	2688
nemotron3:33b-q4_K_M	f32_r	TN	128	1024	2688
nemotron3:33b-q4_K_M	f32_r	TN	128	1024	2688
nemotron3:33b-q4_K_M	f32_r	TN	128	1024	2688
nemotron3:33b-q4_K_M	f32_r	TN	128	1024	2688
nemotron3:33b-q4_K_M	f32_r	TN	128	1024	2688
nemotron3:33b-q4_K_M	f32_r	TN	128	1024	2688
nemotron3:33b-q4_K_M	f32_r	TN	128	1024	2688
nemotron3:33b-q4_K_M	f32_r	TN	128	1024	2688
nemotron3:33b-q4_K_M	f32_r	TN	128	1024	2688
nemotron3:33b-q4_K_M	f32_r	TN	128	1024	2688
nemotron3:33b-q4_K_M	f32_r	TN	128	1016	2688
nemotron3:33b-q4_K_M	f32_r	TN	128	1016	2688
nemotron3:33b-q4_K_M	f32_r	TN	128	1016	2688
nemotron3:33b-q4_K_M	f32_r	TN	128	1016	2688
nemotron3:33b-q4_K_M	f32_r	TN	128	1016	2688
nemotron3:33b-q4_K_M	f32_r	TN	128	1016	2688
nemotron3:33b-q4_K_M	f32_r	TN	128	1016	2688
nemotron3:33b-q4_K_M	f32_r	TN	128	1016	2688
nemotron3:33b-q4_K_M	f32_r	TN	128	1016	2688
nemotron3:33b-q4_K_M	f32_r	TN	128	1016	2688
nemotron3:33b-q4_K_M	f32_r	TN	128	1016	2688
nemotron3:33b-q4_K_M	f32_r	TN	128	1016	2688
nemotron3:33b-q4_K_M	f32_r	TN	128	1016	2688
nemotron3:33b-q4_K_M	f32_r	TN	128	1016	2688
nemotron3:33b-q4_K_M	f32_r	TN	128	1016	2688
nemotron3:33b-q4_K_M	f32_r	TN	128	1016	2688
nemotron3:33b-q4_K_M	f32_r	TN	128	1016	2688
nemotron3:33b-q4_K_M	f32_r	TN	128	1016	2688
nemotron3:33b-q4_K_M	f32_r	TN	128	1016	2688
nemotron3:33b-q4_K_M	f32_r	TN	128	1016	2688
nemotron3:33b-q4_K_M	f32_r	TN	128	1016	2688
nemotron3:33b-q4_K_M	f32_r	TN	128	1016	2688
nemotron3:33b-q4_K_M	f32_r	TN	128	1016	2688
nemotron3:33b-q4_K_M	f32_r	TN	128	9	2688
nemotron3:33b-q4_K_M	f32_r	TN	128	9	2688
nemotron3:33b-q4_K_M	f32_r	TN	128	9	2688
nemotron3:33b-q4_K_M	f32_r	TN	128	9	2688
nemotron3:33b-q4_K_M	f32_r	TN	128	9	2688
nemotron3:33b-q4_K_M	f32_r	TN	128	9	2688
nemotron3:33b-q4_K_M	f32_r	TN	128	9	2688
nemotron3:33b-q4_K_M	f32_r	TN	128	9	2688
nemotron3:33b-q4_K_M	f32_r	TN	128	9	2688
nemotron3:33b-q4_K_M	f32_r	TN	128	9	2688
nemotron3:33b-q4_K_M	f32_r	TN	128	9	2688
nemotron3:33b-q4_K_M	f32_r	TN	128	9	2688
nemotron3:33b-q4_K_M	f32_r	TN	128	9	2688
nemotron3:33b-q4_K_M	f32_r	TN	128	9	2688
nemotron3:33b-q4_K_M	f32_r	TN	128	9	2688
nemotron3:33b-q4_K_M	f32_r	TN	128	9	2688
nemotron3:33b-q4_K_M	f32_r	TN	128	9	2688
nemotron3:33b-q4_K_M	f32_r	TN	128	9	2688
nemotron3:33b-q4_K_M	f32_r	TN	128	9	2688
nemotron3:33b-q4_K_M	f32_r	TN	128	9	2688
nemotron3:33b-q4_K_M	f32_r	TN	128	9	2688
nemotron3:33b-q4_K_M	f32_r	TN	128	9	2688
nemotron3:33b-q4_K_M	f32_r	TN	128	9	2688
qwen3.6:35b-a3b-q4_k_m	f16_r	TN	1	4	2048
qwen3.6:35b-a3b-q4_k_m	f16_r	TN	1	4	2048
qwen3.6:35b-a3b-q4_k_m	f16_r	TN	1	4	2048
qwen3.6:35b-a3b-q4_k_m	f16_r	TN	1	4	2048
qwen3.6:35b-a3b-q4_k_m	f16_r	TN	1	4	2048
qwen3.6:35b-a3b-q4_k_m	f16_r	TN	1	4	2048
qwen3.6:35b-a3b-q4_k_m	f16_r	TN	1	4	2048
qwen3.6:35b-a3b-q4_k_m	f16_r	TN	1	4	2048
qwen3.6:35b-a3b-q4_k_m	f16_r	TN	1	4	2048
qwen3.6:35b-a3b-q4_k_m	f16_r	TN	1	4	2048
qwen3.6:35b-a3b-q4_k_m	f16_r	TN	1	4	2048
qwen3.6:35b-a3b-q4_k_m	f16_r	TN	1	4	2048
qwen3.6:35b-a3b-q4_k_m	f16_r	TN	1	4	2048
qwen3.6:35b-a3b-q4_k_m	f16_r	TN	1	4	2048
qwen3.6:35b-a3b-q4_k_m	f16_r	TN	1	4	2048
qwen3.6:35b-a3b-q4_k_m	f16_r	TN	1	4	2048
qwen3.6:35b-a3b-q4_k_m	f16_r	TN	1	4	2048
qwen3.6:35b-a3b-q4_k_m	f16_r	TN	1	4	2048
qwen3.6:35b-a3b-q4_k_m	f16_r	TN	1	4	2048
qwen3.6:35b-a3b-q4_k_m	f16_r	TN	1	4	2048
qwen3.6:35b-a3b-q4_k_m	f16_r	TN	1	4	2048
qwen3.6:35b-a3b-q4_k_m	f16_r	TN	1	4	2048
qwen3.6:35b-a3b-q4_k_m	f16_r	TN	1	4	2048
qwen3.6:35b-a3b-q4_k_m	f16_r	TN	1	4	2048
qwen3.6:35b-a3b-q4_k_m	f16_r	TN	1	4	2048
qwen3.6:35b-a3b-q4_k_m	f16_r	TN	1	4	2048
qwen3.6:35b-a3b-q4_k_m	f16_r	TN	1	4	2048
qwen3.6:35b-a3b-q4_k_m	f16_r	TN	1	4	2048
qwen3.6:35b-a3b-q4_k_m	f16_r	TN	1	4	2048
qwen3.6:35b-a3b-q4_k_m	f16_r	TN	1	4	2048
qwen3.6:35b-a3b-q4_k_m	f16_r	TN	1	4	2048
qwen3.6:35b-a3b-q4_k_m	f16_r	TN	1	4	2048
qwen3.6:35b-a3b-q4_k_m	f16_r	TN	1	4	2048
qwen3.6:35b-a3b-q4_k_m	f16_r	TN	1	4	2048
qwen3.6:35b-a3b-q4_k_m	f16_r	TN	1	4	2048
qwen3.6:35b-a3b-q4_k_m	f16_r	TN	1	4	2048
qwen3.6:35b-a3b-q4_k_m	f16_r	TN	1	4	2048
qwen3.6:35b-a3b-q4_k_m	f16_r	TN	1	4	2048
qwen3.6:35b-a3b-q4_k_m	f16_r	TN	1	4	2048
qwen3.6:35b-a3b-q4_k_m	f16_r	TN	1	4	2048
qwen3.6:35b-a3b-q4_k_m	f16_r	TN	8160	1152	768
qwen3.6:35b-a3b-q4_k_m	f16_r	TN	8160	1152	768
qwen3.6:35b-a3b-q4_k_m	f16_r	TN	3456	8160	1152
qwen3.6:35b-a3b-q4_k_m	f16_r	TN	1152	8160	1152
qwen3.6:35b-a3b-q4_k_m	f16_r	TN	4304	8160	1152
qwen3.6:35b-a3b-q4_k_m	f16_r	TN	1152	8160	4304
qwen3.6:35b-a3b-q4_k_m	f16_r	TN	3456	8160	1152
qwen3.6:35b-a3b-q4_k_m	f16_r	TN	1152	8160	1152
qwen3.6:35b-a3b-q4_k_m	f16_r	TN	4304	8160	1152
qwen3.6:35b-a3b-q4_k_m	f16_r	TN	1152	8160	4304
qwen3.6:35b-a3b-q4_k_m	f16_r	TN	3456	8160	1152
qwen3.6:35b-a3b-q4_k_m	f16_r	TN	1152	8160	1152
qwen3.6:35b-a3b-q4_k_m	f16_r	TN	4304	8160	1152
qwen3.6:35b-a3b-q4_k_m	f16_r	TN	1152	8160	4304
qwen3.6:35b-a3b-q4_k_m	f16_r	TN	3456	8160	1152
qwen3.6:35b-a3b-q4_k_m	f16_r	TN	1152	8160	1152
qwen3.6:35b-a3b-q4_k_m	f16_r	TN	4304	8160	1152
qwen3.6:35b-a3b-q4_k_m	f16_r	TN	1152	8160	4304
qwen3.6:35b-a3b-q4_k_m	f16_r	TN	3456	8160	1152
qwen3.6:35b-a3b-q4_k_m	f16_r	TN	1152	8160	1152
qwen3.6:35b-a3b-q4_k_m	f16_r	TN	4304	8160	1152
qwen3.6:35b-a3b-q4_k_m	f16_r	TN	1152	8160	4304
qwen3.6:35b-a3b-q4_k_m	f16_r	TN	3456	8160	1152
qwen3.6:35b-a3b-q4_k_m	f16_r	TN	1152	8160	1152
qwen3.6:35b-a3b-q4_k_m	f16_r	TN	4304	8160	1152
qwen3.6:35b-a3b-q4_k_m	f16_r	TN	1152	8160	4304
qwen3.6:35b-a3b-q4_k_m	f16_r	TN	3456	8160	1152
qwen3.6:35b-a3b-q4_k_m	f16_r	TN	1152	8160	1152
qwen3.6:35b-a3b-q4_k_m	f16_r	TN	4304	8160	1152
qwen3.6:35b-a3b-q4_k_m	f16_r	TN	1152	8160	4304
qwen3.6:35b-a3b-q4_k_m	f16_r	TN	3456	8160	1152
qwen3.6:35b-a3b-q4_k_m	f16_r	TN	1152	8160	1152
qwen3.6:35b-a3b-q4_k_m	f16_r	TN	4304	8160	1152
qwen3.6:35b-a3b-q4_k_m	f16_r	TN	1152	8160	4304
qwen3.6:35b-a3b-q4_k_m	f16_r	TN	3456	8160	1152
qwen3.6:35b-a3b-q4_k_m	f16_r	TN	1152	8160	1152
qwen3.6:35b-a3b-q4_k_m	f16_r	TN	4304	8160	1152
qwen3.6:35b-a3b-q4_k_m	f16_r	TN	1152	8160	4304
qwen3.6:35b-a3b-q4_k_m	f16_r	TN	3456	8160	1152
qwen3.6:35b-a3b-q4_k_m	f16_r	TN	1152	8160	1152
qwen3.6:35b-a3b-q4_k_m	f16_r	TN	4304	8160	1152
qwen3.6:35b-a3b-q4_k_m	f16_r	TN	1152	8160	4304
qwen3.6:35b-a3b-q4_k_m	f16_r	TN	3456	8160	1152
qwen3.6:35b-a3b-q4_k_m	f16_r	TN	1152	8160	1152
qwen3.6:35b-a3b-q4_k_m	f16_r	TN	4304	8160	1152
qwen3.6:35b-a3b-q4_k_m	f16_r	TN	1152	8160	4304
qwen3.6:35b-a3b-q4_k_m	f16_r	TN	3456	8160	1152
qwen3.6:35b-a3b-q4_k_m	f16_r	TN	1152	8160	1152
qwen3.6:35b-a3b-q4_k_m	f16_r	TN	4304	8160	1152
qwen3.6:35b-a3b-q4_k_m	f16_r	TN	1152	8160	4304
qwen3.6:35b-a3b-q4_k_m	f16_r	TN	3456	8160	1152
qwen3.6:35b-a3b-q4_k_m	f16_r	TN	1152	8160	1152
qwen3.6:35b-a3b-q4_k_m	f16_r	TN	4304	8160	1152
qwen3.6:35b-a3b-q4_k_m	f16_r	TN	1152	8160	4304
qwen3.6:35b-a3b-q4_k_m	f16_r	TN	3456	8160	1152
qwen3.6:35b-a3b-q4_k_m	f16_r	TN	1152	8160	1152
qwen3.6:35b-a3b-q4_k_m	f16_r	TN	4304	8160	1152
qwen3.6:35b-a3b-q4_k_m	f16_r	TN	1152	8160	4304
qwen3.6:35b-a3b-q4_k_m	f16_r	TN	3456	8160	1152
qwen3.6:35b-a3b-q4_k_m	f16_r	TN	1152	8160	1152
qwen3.6:35b-a3b-q4_k_m	f16_r	TN	4304	8160	1152
qwen3.6:35b-a3b-q4_k_m	f16_r	TN	1152	8160	4304
qwen3.6:35b-a3b-q4_k_m	f16_r	TN	3456	8160	1152
qwen3.6:35b-a3b-q4_k_m	f16_r	TN	1152	8160	1152
qwen3.6:35b-a3b-q4_k_m	f16_r	TN	4304	8160	1152
qwen3.6:35b-a3b-q4_k_m	f16_r	TN	1152	8160	4304
qwen3.6:35b-a3b-q4_k_m	f16_r	TN	3456	8160	1152
qwen3.6:35b-a3b-q4_k_m	f16_r	TN	1152	8160	1152
qwen3.6:35b-a3b-q4_k_m	f16_r	TN	4304	8160	1152
qwen3.6:35b-a3b-q4_k_m	f16_r	TN	1152	8160	4304
qwen3.6:35b-a3b-q4_k_m	f16_r	TN	3456	8160	1152
qwen3.6:35b-a3b-q4_k_m	f16_r	TN	1152	8160	1152
qwen3.6:35b-a3b-q4_k_m	f16_r	TN	4304	8160	1152
qwen3.6:35b-a3b-q4_k_m	f16_r	TN	1152	8160	4304
qwen3.6:35b-a3b-q4_k_m	f16_r	TN	3456	8160	1152
qwen3.6:35b-a3b-q4_k_m	f16_r	TN	1152	8160	1152
qwen3.6:35b-a3b-q4_k_m	f16_r	TN	4304	8160	1152
qwen3.6:35b-a3b-q4_k_m	f16_r	TN	1152	8160	4304
qwen3.6:35b-a3b-q4_k_m	f16_r	TN	3456	8160	1152
qwen3.6:35b-a3b-q4_k_m	f16_r	TN	1152	8160	1152
qwen3.6:35b-a3b-q4_k_m	f16_r	TN	4304	8160	1152
qwen3.6:35b-a3b-q4_k_m	f16_r	TN	1152	8160	4304
qwen3.6:35b-a3b-q4_k_m	f16_r	TN	3456	8160	1152
qwen3.6:35b-a3b-q4_k_m	f16_r	TN	1152	8160	1152
qwen3.6:35b-a3b-q4_k_m	f16_r	TN	4304	8160	1152
qwen3.6:35b-a3b-q4_k_m	f16_r	TN	1152	8160	4304
qwen3.6:35b-a3b-q4_k_m	f16_r	TN	3456	8160	1152
qwen3.6:35b-a3b-q4_k_m	f16_r	TN	1152	8160	1152
qwen3.6:35b-a3b-q4_k_m	f16_r	TN	4304	8160	1152
qwen3.6:35b-a3b-q4_k_m	f16_r	TN	1152	8160	4304
qwen3.6:35b-a3b-q4_k_m	f16_r	TN	3456	8160	1152
qwen3.6:35b-a3b-q4_k_m	f16_r	TN	1152	8160	1152
qwen3.6:35b-a3b-q4_k_m	f16_r	TN	4304	8160	1152
qwen3.6:35b-a3b-q4_k_m	f16_r	TN	1152	8160	4304
qwen3.6:35b-a3b-q4_k_m	f16_r	TN	3456	8160	1152
qwen3.6:35b-a3b-q4_k_m	f16_r	TN	1152	8160	1152
qwen3.6:35b-a3b-q4_k_m	f16_r	TN	4304	8160	1152
qwen3.6:35b-a3b-q4_k_m	f16_r	TN	1152	8160	4304
qwen3.6:35b-a3b-q4_k_m	f16_r	TN	3456	8160	1152
qwen3.6:35b-a3b-q4_k_m	f16_r	TN	1152	8160	1152
qwen3.6:35b-a3b-q4_k_m	f16_r	TN	4304	8160	1152
qwen3.6:35b-a3b-q4_k_m	f16_r	TN	1152	8160	4304
qwen3.6:35b-a3b-q4_k_m	f16_r	TN	3456	8160	1152
qwen3.6:35b-a3b-q4_k_m	f16_r	TN	1152	8160	1152
qwen3.6:35b-a3b-q4_k_m	f16_r	TN	4304	8160	1152
qwen3.6:35b-a3b-q4_k_m	f16_r	TN	1152	8160	4304
qwen3.6:35b-a3b-q4_k_m	f16_r	TN	3456	8160	1152
qwen3.6:35b-a3b-q4_k_m	f16_r	TN	1152	8160	1152
qwen3.6:35b-a3b-q4_k_m	f16_r	TN	4304	8160	1152
qwen3.6:35b-a3b-q4_k_m	f16_r	TN	1152	8160	4304
qwen3.6:35b-a3b-q4_k_m	f16_r	TN	4608	2040	4608
qwen3.6:35b-a3b-q4_k_m	f16_r	TN	2048	2040	4608
qwen3.6:35b-a3b-q4_k_m	f32_r	TN	256	1024	2048
qwen3.6:35b-a3b-q4_k_m	f16_r	TN	2048	1024	512
qwen3.6:35b-a3b-q4_k_m	f16_r	TN	1	1024	2048
qwen3.6:35b-a3b-q4_k_m	f32_r	TN	256	1024	2048
qwen3.6:35b-a3b-q4_k_m	f16_r	TN	2048	1024	512
qwen3.6:35b-a3b-q4_k_m	f16_r	TN	1	1024	2048
qwen3.6:35b-a3b-q4_k_m	f32_r	TN	256	1024	2048
qwen3.6:35b-a3b-q4_k_m	f16_r	TN	2048	1024	512
qwen3.6:35b-a3b-q4_k_m	f16_r	TN	1	1024	2048
qwen3.6:35b-a3b-q4_k_m	f16_r	TN	512	1024	2048
qwen3.6:35b-a3b-q4_k_m	f32_r	TN	256	1024	2048
qwen3.6:35b-a3b-q4_k_m	f16_r	TN	2048	1024	512
qwen3.6:35b-a3b-q4_k_m	f16_r	TN	1	1024	2048
qwen3.6:35b-a3b-q4_k_m	f32_r	TN	256	1024	2048
qwen3.6:35b-a3b-q4_k_m	f16_r	TN	2048	1024	512
qwen3.6:35b-a3b-q4_k_m	f16_r	TN	1	1024	2048
qwen3.6:35b-a3b-q4_k_m	f32_r	TN	256	1024	2048
qwen3.6:35b-a3b-q4_k_m	f16_r	TN	2048	1024	512
qwen3.6:35b-a3b-q4_k_m	f16_r	TN	1	1024	2048
qwen3.6:35b-a3b-q4_k_m	f32_r	TN	256	1024	2048
qwen3.6:35b-a3b-q4_k_m	f16_r	TN	2048	1024	512
qwen3.6:35b-a3b-q4_k_m	f16_r	TN	1	1024	2048
qwen3.6:35b-a3b-q4_k_m	f16_r	TN	512	1024	2048
qwen3.6:35b-a3b-q4_k_m	f32_r	TN	256	1024	2048
qwen3.6:35b-a3b-q4_k_m	f16_r	TN	2048	1024	512
qwen3.6:35b-a3b-q4_k_m	f16_r	TN	1	1024	2048
qwen3.6:35b-a3b-q4_k_m	f32_r	TN	256	1024	2048
qwen3.6:35b-a3b-q4_k_m	f16_r	TN	2048	1024	512
qwen3.6:35b-a3b-q4_k_m	f16_r	TN	1	1024	2048
qwen3.6:35b-a3b-q4_k_m	f32_r	TN	256	1024	2048
qwen3.6:35b-a3b-q4_k_m	f16_r	TN	2048	1024	512
qwen3.6:35b-a3b-q4_k_m	f16_r	TN	1	1024	2048
qwen3.6:35b-a3b-q4_k_m	f32_r	TN	256	1024	2048
qwen3.6:35b-a3b-q4_k_m	f16_r	TN	2048	1024	512
qwen3.6:35b-a3b-q4_k_m	f16_r	TN	1	1024	2048
qwen3.6:35b-a3b-q4_k_m	f16_r	TN	512	1024	2048
qwen3.6:35b-a3b-q4_k_m	f32_r	TN	256	1024	2048
qwen3.6:35b-a3b-q4_k_m	f16_r	TN	2048	1024	512
qwen3.6:35b-a3b-q4_k_m	f16_r	TN	1	1024	2048
qwen3.6:35b-a3b-q4_k_m	f32_r	TN	256	1024	2048
qwen3.6:35b-a3b-q4_k_m	f16_r	TN	2048	1024	512
qwen3.6:35b-a3b-q4_k_m	f16_r	TN	1	1024	2048
qwen3.6:35b-a3b-q4_k_m	f32_r	TN	256	1024	2048
qwen3.6:35b-a3b-q4_k_m	f16_r	TN	2048	1024	512
qwen3.6:35b-a3b-q4_k_m	f16_r	TN	1	1024	2048
qwen3.6:35b-a3b-q4_k_m	f32_r	TN	256	1024	2048
qwen3.6:35b-a3b-q4_k_m	f16_r	TN	2048	1024	512
qwen3.6:35b-a3b-q4_k_m	f16_r	TN	1	1024	2048
qwen3.6:35b-a3b-q4_k_m	f16_r	TN	512	1024	2048
qwen3.6:35b-a3b-q4_k_m	f32_r	TN	256	1024	2048
qwen3.6:35b-a3b-q4_k_m	f16_r	TN	2048	1024	512
qwen3.6:35b-a3b-q4_k_m	f16_r	TN	1	1024	2048
qwen3.6:35b-a3b-q4_k_m	f32_r	TN	256	1024	2048
qwen3.6:35b-a3b-q4_k_m	f16_r	TN	2048	1024	512
qwen3.6:35b-a3b-q4_k_m	f16_r	TN	1	1024	2048
qwen3.6:35b-a3b-q4_k_m	f32_r	TN	256	1024	2048
qwen3.6:35b-a3b-q4_k_m	f16_r	TN	2048	1024	512
qwen3.6:35b-a3b-q4_k_m	f16_r	TN	1	1024	2048
qwen3.6:35b-a3b-q4_k_m	f32_r	TN	256	1024	2048
qwen3.6:35b-a3b-q4_k_m	f16_r	TN	2048	1024	512
qwen3.6:35b-a3b-q4_k_m	f16_r	TN	1	1024	2048
qwen3.6:35b-a3b-q4_k_m	f16_r	TN	512	1024	2048
qwen3.6:35b-a3b-q4_k_m	f32_r	TN	256	1024	2048
qwen3.6:35b-a3b-q4_k_m	f16_r	TN	2048	1024	512
qwen3.6:35b-a3b-q4_k_m	f16_r	TN	1	1024	2048
qwen3.6:35b-a3b-q4_k_m	f32_r	TN	256	1024	2048
qwen3.6:35b-a3b-q4_k_m	f16_r	TN	2048	1024	512
qwen3.6:35b-a3b-q4_k_m	f16_r	TN	1	1024	2048
qwen3.6:35b-a3b-q4_k_m	f32_r	TN	256	1024	2048
qwen3.6:35b-a3b-q4_k_m	f16_r	TN	2048	1024	512
qwen3.6:35b-a3b-q4_k_m	f16_r	TN	1	1024	2048
qwen3.6:35b-a3b-q4_k_m	f32_r	TN	256	1024	2048
qwen3.6:35b-a3b-q4_k_m	f16_r	TN	2048	1024	512
qwen3.6:35b-a3b-q4_k_m	f16_r	TN	1	1024	2048
qwen3.6:35b-a3b-q4_k_m	f16_r	TN	512	1024	2048
qwen3.6:35b-a3b-q4_k_m	f32_r	TN	256	1024	2048
qwen3.6:35b-a3b-q4_k_m	f16_r	TN	2048	1024	512
qwen3.6:35b-a3b-q4_k_m	f16_r	TN	1	1024	2048
qwen3.6:35b-a3b-q4_k_m	f32_r	TN	256	1024	2048
qwen3.6:35b-a3b-q4_k_m	f16_r	TN	2048	1024	512
qwen3.6:35b-a3b-q4_k_m	f16_r	TN	1	1024	2048
qwen3.6:35b-a3b-q4_k_m	f32_r	TN	256	1024	2048
qwen3.6:35b-a3b-q4_k_m	f16_r	TN	2048	1024	512
qwen3.6:35b-a3b-q4_k_m	f16_r	TN	1	1024	2048
qwen3.6:35b-a3b-q4_k_m	f32_r	TN	256	1024	2048
qwen3.6:35b-a3b-q4_k_m	f16_r	TN	2048	1024	512
qwen3.6:35b-a3b-q4_k_m	f16_r	TN	1	1024	2048
qwen3.6:35b-a3b-q4_k_m	f16_r	TN	512	1024	2048
qwen3.6:35b-a3b-q4_k_m	f32_r	TN	256	1024	2048
qwen3.6:35b-a3b-q4_k_m	f16_r	TN	2048	1024	512
qwen3.6:35b-a3b-q4_k_m	f16_r	TN	1	1024	2048
qwen3.6:35b-a3b-q4_k_m	f32_r	TN	256	1024	2048
qwen3.6:35b-a3b-q4_k_m	f16_r	TN	2048	1024	512
qwen3.6:35b-a3b-q4_k_m	f16_r	TN	1	1024	2048
qwen3.6:35b-a3b-q4_k_m	f32_r	TN	256	1024	2048
qwen3.6:35b-a3b-q4_k_m	f16_r	TN	2048	1024	512
qwen3.6:35b-a3b-q4_k_m	f16_r	TN	1	1024	2048
qwen3.6:35b-a3b-q4_k_m	f32_r	TN	256	1024	2048
qwen3.6:35b-a3b-q4_k_m	f16_r	TN	2048	1024	512
qwen3.6:35b-a3b-q4_k_m	f16_r	TN	1	1024	2048
qwen3.6:35b-a3b-q4_k_m	f16_r	TN	512	1024	2048
qwen3.6:35b-a3b-q4_k_m	f32_r	TN	256	1024	2048
qwen3.6:35b-a3b-q4_k_m	f16_r	TN	2048	1024	512
qwen3.6:35b-a3b-q4_k_m	f16_r	TN	1	1024	2048
qwen3.6:35b-a3b-q4_k_m	f32_r	TN	256	1024	2048
qwen3.6:35b-a3b-q4_k_m	f16_r	TN	2048	1024	512
qwen3.6:35b-a3b-q4_k_m	f16_r	TN	1	1024	2048
qwen3.6:35b-a3b-q4_k_m	f32_r	TN	256	1024	2048
qwen3.6:35b-a3b-q4_k_m	f16_r	TN	2048	1024	512
qwen3.6:35b-a3b-q4_k_m	f16_r	TN	1	1024	2048
qwen3.6:35b-a3b-q4_k_m	f32_r	TN	256	1024	2048
qwen3.6:35b-a3b-q4_k_m	f16_r	TN	2048	1024	512
qwen3.6:35b-a3b-q4_k_m	f16_r	TN	1	1024	2048
qwen3.6:35b-a3b-q4_k_m	f16_r	TN	512	1024	2048
qwen3.6:35b-a3b-q4_k_m	f32_r	TN	256	1024	2048
qwen3.6:35b-a3b-q4_k_m	f16_r	TN	2048	1024	512
qwen3.6:35b-a3b-q4_k_m	f16_r	TN	1	1024	2048
qwen3.6:35b-a3b-q4_k_m	f32_r	TN	256	1024	2048
qwen3.6:35b-a3b-q4_k_m	f16_r	TN	2048	1024	512
qwen3.6:35b-a3b-q4_k_m	f16_r	TN	1	1024	2048
qwen3.6:35b-a3b-q4_k_m	f32_r	TN	256	1024	2048
qwen3.6:35b-a3b-q4_k_m	f16_r	TN	2048	1024	512
qwen3.6:35b-a3b-q4_k_m	f16_r	TN	1	1024	2048
qwen3.6:35b-a3b-q4_k_m	f32_r	TN	256	1024	2048
qwen3.6:35b-a3b-q4_k_m	f16_r	TN	2048	1024	512
qwen3.6:35b-a3b-q4_k_m	f16_r	TN	1	1024	2048
qwen3.6:35b-a3b-q4_k_m	f16_r	TN	512	1024	2048
qwen3.6:35b-a3b-q4_k_m	f32_r	TN	256	1024	2048
qwen3.6:35b-a3b-q4_k_m	f16_r	TN	2048	1024	512
qwen3.6:35b-a3b-q4_k_m	f16_r	TN	1	1024	2048
qwen3.6:35b-a3b-q4_k_m	f32_r	TN	256	1016	2048
qwen3.6:35b-a3b-q4_k_m	f16_r	TN	2048	1016	512
qwen3.6:35b-a3b-q4_k_m	f16_r	TN	1	1016	2048
qwen3.6:35b-a3b-q4_k_m	f32_r	TN	256	1016	2048
qwen3.6:35b-a3b-q4_k_m	f16_r	TN	2048	1016	512
qwen3.6:35b-a3b-q4_k_m	f16_r	TN	1	1016	2048
qwen3.6:35b-a3b-q4_k_m	f32_r	TN	256	1016	2048
qwen3.6:35b-a3b-q4_k_m	f16_r	TN	2048	1016	512
qwen3.6:35b-a3b-q4_k_m	f16_r	TN	1	1016	2048
qwen3.6:35b-a3b-q4_k_m	f16_r	TN	512	1016	2048
qwen3.6:35b-a3b-q4_k_m	f32_r	TN	256	1016	2048
qwen3.6:35b-a3b-q4_k_m	f16_r	TN	2048	1016	512
qwen3.6:35b-a3b-q4_k_m	f16_r	TN	1	1016	2048
qwen3.6:35b-a3b-q4_k_m	f32_r	TN	256	1016	2048
qwen3.6:35b-a3b-q4_k_m	f16_r	TN	2048	1016	512
qwen3.6:35b-a3b-q4_k_m	f16_r	TN	1	1016	2048
qwen3.6:35b-a3b-q4_k_m	f32_r	TN	256	1016	2048
qwen3.6:35b-a3b-q4_k_m	f16_r	TN	2048	1016	512
qwen3.6:35b-a3b-q4_k_m	f16_r	TN	1	1016	2048
qwen3.6:35b-a3b-q4_k_m	f32_r	TN	256	1016	2048
qwen3.6:35b-a3b-q4_k_m	f16_r	TN	2048	1016	512
qwen3.6:35b-a3b-q4_k_m	f16_r	TN	1	1016	2048
qwen3.6:35b-a3b-q4_k_m	f16_r	TN	512	1016	2048
qwen3.6:35b-a3b-q4_k_m	f32_r	TN	256	1016	2048
qwen3.6:35b-a3b-q4_k_m	f16_r	TN	2048	1016	512
qwen3.6:35b-a3b-q4_k_m	f16_r	TN	1	1016	2048
qwen3.6:35b-a3b-q4_k_m	f32_r	TN	256	1016	2048
qwen3.6:35b-a3b-q4_k_m	f16_r	TN	2048	1016	512
qwen3.6:35b-a3b-q4_k_m	f16_r	TN	1	1016	2048
qwen3.6:35b-a3b-q4_k_m	f32_r	TN	256	1016	2048
qwen3.6:35b-a3b-q4_k_m	f16_r	TN	2048	1016	512
qwen3.6:35b-a3b-q4_k_m	f16_r	TN	1	1016	2048
qwen3.6:35b-a3b-q4_k_m	f32_r	TN	256	1016	2048
qwen3.6:35b-a3b-q4_k_m	f16_r	TN	2048	1016	512
qwen3.6:35b-a3b-q4_k_m	f16_r	TN	1	1016	2048
qwen3.6:35b-a3b-q4_k_m	f16_r	TN	512	1016	2048
qwen3.6:35b-a3b-q4_k_m	f32_r	TN	256	1016	2048
qwen3.6:35b-a3b-q4_k_m	f16_r	TN	2048	1016	512
qwen3.6:35b-a3b-q4_k_m	f16_r	TN	1	1016	2048
qwen3.6:35b-a3b-q4_k_m	f32_r	TN	256	1016	2048
qwen3.6:35b-a3b-q4_k_m	f16_r	TN	2048	1016	512
qwen3.6:35b-a3b-q4_k_m	f16_r	TN	1	1016	2048
qwen3.6:35b-a3b-q4_k_m	f32_r	TN	256	1016	2048
qwen3.6:35b-a3b-q4_k_m	f16_r	TN	2048	1016	512
qwen3.6:35b-a3b-q4_k_m	f16_r	TN	1	1016	2048
qwen3.6:35b-a3b-q4_k_m	f32_r	TN	256	1016	2048
qwen3.6:35b-a3b-q4_k_m	f16_r	TN	2048	1016	512
qwen3.6:35b-a3b-q4_k_m	f16_r	TN	1	1016	2048
qwen3.6:35b-a3b-q4_k_m	f16_r	TN	512	1016	2048
qwen3.6:35b-a3b-q4_k_m	f32_r	TN	256	1016	2048
qwen3.6:35b-a3b-q4_k_m	f16_r	TN	2048	1016	512
qwen3.6:35b-a3b-q4_k_m	f16_r	TN	1	1016	2048
qwen3.6:35b-a3b-q4_k_m	f32_r	TN	256	1016	2048
qwen3.6:35b-a3b-q4_k_m	f16_r	TN	2048	1016	512
qwen3.6:35b-a3b-q4_k_m	f16_r	TN	1	1016	2048
qwen3.6:35b-a3b-q4_k_m	f32_r	TN	256	1016	2048
qwen3.6:35b-a3b-q4_k_m	f16_r	TN	2048	1016	512
qwen3.6:35b-a3b-q4_k_m	f16_r	TN	1	1016	2048
qwen3.6:35b-a3b-q4_k_m	f32_r	TN	256	1016	2048
qwen3.6:35b-a3b-q4_k_m	f16_r	TN	2048	1016	512
qwen3.6:35b-a3b-q4_k_m	f16_r	TN	1	1016	2048
qwen3.6:35b-a3b-q4_k_m	f16_r	TN	512	1016	2048
qwen3.6:35b-a3b-q4_k_m	f32_r	TN	256	1016	2048
qwen3.6:35b-a3b-q4_k_m	f16_r	TN	2048	1016	512
qwen3.6:35b-a3b-q4_k_m	f16_r	TN	1	1016	2048
qwen3.6:35b-a3b-q4_k_m	f32_r	TN	256	1016	2048
qwen3.6:35b-a3b-q4_k_m	f16_r	TN	2048	1016	512
qwen3.6:35b-a3b-q4_k_m	f16_r	TN	1	1016	2048
qwen3.6:35b-a3b-q4_k_m	f32_r	TN	256	1016	2048
qwen3.6:35b-a3b-q4_k_m	f16_r	TN	2048	1016	512
qwen3.6:35b-a3b-q4_k_m	f16_r	TN	1	1016	2048
qwen3.6:35b-a3b-q4_k_m	f32_r	TN	256	1016	2048
qwen3.6:35b-a3b-q4_k_m	f16_r	TN	2048	1016	512
qwen3.6:35b-a3b-q4_k_m	f16_r	TN	1	1016	2048
qwen3.6:35b-a3b-q4_k_m	f16_r	TN	512	1016	2048
qwen3.6:35b-a3b-q4_k_m	f32_r	TN	256	1016	2048
qwen3.6:35b-a3b-q4_k_m	f16_r	TN	2048	1016	512
qwen3.6:35b-a3b-q4_k_m	f16_r	TN	1	1016	2048
qwen3.6:35b-a3b-q4_k_m	f32_r	TN	256	1016	2048
qwen3.6:35b-a3b-q4_k_m	f16_r	TN	2048	1016	512
qwen3.6:35b-a3b-q4_k_m	f16_r	TN	1	1016	2048
qwen3.6:35b-a3b-q4_k_m	f32_r	TN	256	1016	2048
qwen3.6:35b-a3b-q4_k_m	f16_r	TN	2048	1016	512
qwen3.6:35b-a3b-q4_k_m	f16_r	TN	1	1016	2048
qwen3.6:35b-a3b-q4_k_m	f32_r	TN	256	1016	2048
qwen3.6:35b-a3b-q4_k_m	f16_r	TN	2048	1016	512
qwen3.6:35b-a3b-q4_k_m	f16_r	TN	1	1016	2048
qwen3.6:35b-a3b-q4_k_m	f16_r	TN	512	1016	2048
qwen3.6:35b-a3b-q4_k_m	f32_r	TN	256	1016	2048
qwen3.6:35b-a3b-q4_k_m	f16_r	TN	2048	1016	512
qwen3.6:35b-a3b-q4_k_m	f16_r	TN	1	1016	2048
qwen3.6:35b-a3b-q4_k_m	f32_r	TN	256	1016	2048
qwen3.6:35b-a3b-q4_k_m	f16_r	TN	2048	1016	512
qwen3.6:35b-a3b-q4_k_m	f16_r	TN	1	1016	2048
qwen3.6:35b-a3b-q4_k_m	f32_r	TN	256	1016	2048
qwen3.6:35b-a3b-q4_k_m	f16_r	TN	2048	1016	512
qwen3.6:35b-a3b-q4_k_m	f16_r	TN	1	1016	2048
qwen3.6:35b-a3b-q4_k_m	f32_r	TN	256	1016	2048
qwen3.6:35b-a3b-q4_k_m	f16_r	TN	2048	1016	512
qwen3.6:35b-a3b-q4_k_m	f16_r	TN	1	1016	2048
qwen3.6:35b-a3b-q4_k_m	f16_r	TN	512	1016	2048
qwen3.6:35b-a3b-q4_k_m	f32_r	TN	256	1016	2048
qwen3.6:35b-a3b-q4_k_m	f16_r	TN	2048	1016	512
qwen3.6:35b-a3b-q4_k_m	f16_r	TN	1	1016	2048
qwen3.6:35b-a3b-q4_k_m	f32_r	TN	256	1016	2048
qwen3.6:35b-a3b-q4_k_m	f16_r	TN	2048	1016	512
qwen3.6:35b-a3b-q4_k_m	f16_r	TN	1	1016	2048
qwen3.6:35b-a3b-q4_k_m	f32_r	TN	256	1016	2048
qwen3.6:35b-a3b-q4_k_m	f16_r	TN	2048	1016	512
qwen3.6:35b-a3b-q4_k_m	f16_r	TN	1	1016	2048
qwen3.6:35b-a3b-q4_k_m	f32_r	TN	256	1016	2048
qwen3.6:35b-a3b-q4_k_m	f16_r	TN	2048	1016	512
qwen3.6:35b-a3b-q4_k_m	f16_r	TN	1	1016	2048
qwen3.6:35b-a3b-q4_k_m	f16_r	TN	512	1016	2048
qwen3.6:35b-a3b-q4_k_m	f32_r	TN	256	1016	2048
qwen3.6:35b-a3b-q4_k_m	f16_r	TN	2048	1016	512
qwen3.6:35b-a3b-q4_k_m	f16_r	TN	1	1016	2048
qwen3.6:35b-a3b-q4_k_m	f32_r	TN	256	1016	2048
qwen3.6:35b-a3b-q4_k_m	f16_r	TN	2048	1016	512
qwen3.6:35b-a3b-q4_k_m	f16_r	TN	1	1016	2048
qwen3.6:35b-a3b-q4_k_m	f32_r	TN	256	1016	2048
qwen3.6:35b-a3b-q4_k_m	f16_r	TN	2048	1016	512
qwen3.6:35b-a3b-q4_k_m	f16_r	TN	1	1016	2048
qwen3.6:35b-a3b-q4_k_m	f32_r	TN	256	1016	2048
qwen3.6:35b-a3b-q4_k_m	f16_r	TN	2048	1016	512
qwen3.6:35b-a3b-q4_k_m	f16_r	TN	1	1016	2048
qwen3.6:35b-a3b-q4_k_m	f16_r	TN	512	1016	2048
qwen3.6:35b-a3b-q4_k_m	f32_r	TN	256	1016	2048
qwen3.6:35b-a3b-q4_k_m	f16_r	TN	2048	1016	512
qwen3.6:35b-a3b-q4_k_m	f16_r	TN	1	1016	2048
qwen3.6:35b-a3b-q4_k_m	f32_r	TN	256	10	2048
qwen3.6:35b-a3b-q4_k_m	f16_r	TN	1	10	2048
qwen3.6:35b-a3b-q4_k_m	f32_r	TN	256	10	2048
qwen3.6:35b-a3b-q4_k_m	f16_r	TN	1	10	2048
qwen3.6:35b-a3b-q4_k_m	f32_r	TN	256	10	2048
qwen3.6:35b-a3b-q4_k_m	f16_r	TN	1	10	2048
qwen3.6:35b-a3b-q4_k_m	f32_r	TN	256	10	2048
qwen3.6:35b-a3b-q4_k_m	f16_r	TN	1	10	2048
qwen3.6:35b-a3b-q4_k_m	f32_r	TN	256	10	2048
qwen3.6:35b-a3b-q4_k_m	f16_r	TN	1	10	2048
qwen3.6:35b-a3b-q4_k_m	f32_r	TN	256	10	2048
qwen3.6:35b-a3b-q4_k_m	f16_r	TN	1	10	2048
qwen3.6:35b-a3b-q4_k_m	f32_r	TN	256	10	2048
qwen3.6:35b-a3b-q4_k_m	f16_r	TN	1	10	2048
qwen3.6:35b-a3b-q4_k_m	f32_r	TN	256	10	2048
qwen3.6:35b-a3b-q4_k_m	f16_r	TN	1	10	2048
qwen3.6:35b-a3b-q4_k_m	f32_r	TN	256	10	2048
qwen3.6:35b-a3b-q4_k_m	f16_r	TN	1	10	2048
qwen3.6:35b-a3b-q4_k_m	f32_r	TN	256	10	2048
qwen3.6:35b-a3b-q4_k_m	f16_r	TN	1	10	2048
qwen3.6:35b-a3b-q4_k_m	f32_r	TN	256	10	2048
qwen3.6:35b-a3b-q4_k_m	f16_r	TN	1	10	2048
qwen3.6:35b-a3b-q4_k_m	f32_r	TN	256	10	2048
qwen3.6:35b-a3b-q4_k_m	f16_r	TN	1	10	2048
qwen3.6:35b-a3b-q4_k_m	f32_r	TN	256	10	2048
qwen3.6:35b-a3b-q4_k_m	f16_r	TN	1	10	2048
qwen3.6:35b-a3b-q4_k_m	f32_r	TN	256	10	2048
qwen3.6:35b-a3b-q4_k_m	f16_r	TN	1	10	2048
qwen3.6:35b-a3b-q4_k_m	f32_r	TN	256	10	2048
qwen3.6:35b-a3b-q4_k_m	f16_r	TN	1	10	2048
qwen3.6:35b-a3b-q4_k_m	f32_r	TN	256	10	2048
qwen3.6:35b-a3b-q4_k_m	f16_r	TN	1	10	2048
qwen3.6:35b-a3b-q4_k_m	f32_r	TN	256	10	2048
qwen3.6:35b-a3b-q4_k_m	f16_r	TN	1	10	2048
qwen3.6:35b-a3b-q4_k_m	f32_r	TN	256	10	2048
qwen3.6:35b-a3b-q4_k_m	f16_r	TN	1	10	2048
qwen3.6:35b-a3b-q4_k_m	f32_r	TN	256	10	2048
qwen3.6:35b-a3b-q4_k_m	f16_r	TN	1	10	2048
qwen3.6:35b-a3b-q4_k_m	f32_r	TN	256	10	2048
qwen3.6:35b-a3b-q4_k_m	f16_r	TN	1	10	2048
qwen3.6:35b-a3b-q4_k_m	f32_r	TN	256	10	2048
qwen3.6:35b-a3b-q4_k_m	f16_r	TN	1	10	2048
qwen3.6:35b-a3b-q4_k_m	f32_r	TN	256	10	2048
qwen3.6:35b-a3b-q4_k_m	f16_r	TN	1	10	2048
qwen3.6:35b-a3b-q4_k_m	f32_r	TN	256	10	2048
qwen3.6:35b-a3b-q4_k_m	f16_r	TN	1	10	2048
qwen3.6:35b-a3b-q4_k_m	f32_r	TN	256	10	2048
qwen3.6:35b-a3b-q4_k_m	f16_r	TN	1	10	2048
qwen3.6:35b-a3b-q4_k_m	f32_r	TN	256	10	2048
qwen3.6:35b-a3b-q4_k_m	f16_r	TN	1	10	2048
qwen3.6:35b-a3b-q4_k_m	f32_r	TN	256	10	2048
qwen3.6:35b-a3b-q4_k_m	f16_r	TN	1	10	2048
qwen3.6:35b-a3b-q4_k_m	f32_r	TN	256	10	2048
qwen3.6:35b-a3b-q4_k_m	f16_r	TN	1	10	2048
qwen3.6:35b-a3b-q4_k_m	f32_r	TN	256	10	2048
qwen3.6:35b-a3b-q4_k_m	f16_r	TN	1	10	2048
qwen3.6:35b-a3b-q4_k_m	f32_r	TN	256	10	2048
qwen3.6:35b-a3b-q4_k_m	f16_r	TN	1	10	2048
qwen3.6:35b-a3b-q4_k_m	f32_r	TN	256	10	2048
qwen3.6:35b-a3b-q4_k_m	f16_r	TN	1	10	2048
qwen3.6:35b-a3b-q4_k_m	f32_r	TN	256	10	2048
qwen3.6:35b-a3b-q4_k_m	f16_r	TN	1	10	2048
qwen3.6:35b-a3b-q4_k_m	f32_r	TN	256	10	2048
qwen3.6:35b-a3b-q4_k_m	f16_r	TN	1	10	2048
qwen3.6:35b-a3b-q4_k_m	f32_r	TN	256	10	2048
qwen3.6:35b-a3b-q4_k_m	f16_r	TN	1	10	2048
qwen3.6:35b-a3b-q4_k_m	f32_r	TN	256	10	2048
qwen3.6:35b-a3b-q4_k_m	f16_r	TN	1	10	2048
qwen3.6:35b-a3b-q4_k_m	f32_r	TN	256	10	2048
qwen3.6:35b-a3b-q4_k_m	f16_r	TN	1	10	2048
qwen3.6:35b-a3b-q4_k_m	f32_r	TN	256	10	2048
qwen3.6:35b-a3b-q4_k_m	f16_r	TN	1	10	2048
qwen3.6:35b-a3b-q4_k_m	f32_r	TN	256	10	2048
qwen3.6:35b-a3b-q4_k_m	f16_r	TN	1	10	2048
qwen3.6:35b-a3b-q4_k_m	f32_r	TN	256	10	2048
qwen3.6:35b-a3b-q4_k_m	f16_r	TN	1	10	2048
qwen3.6:35b-a3b-q4_k_m	f32_r	TN	256	10	2048
qwen3.6:35b-a3b-q4_k_m	f16_r	TN	1	10	2048
qwen3.6:35b-a3b-q4_k_m	f32_r	TN	256	10	2048
qwen3.6:35b-a3b-q4_k_m	f16_r	TN	1	10	2048
qwen3.6:35b-a3b-q4_k_m	f16_r	TN	1	4	2048
qwen3.6:35b-a3b-q4_k_m	f16_r	TN	1	4	2048
qwen3.6:35b-a3b-q4_k_m	f16_r	TN	1	4	2048
qwen3.6:35b-a3b-q4_k_m	f16_r	TN	1	4	2048
qwen3.6:35b-a3b-q4_k_m	f16_r	TN	1	4	2048
qwen3.6:35b-a3b-q4_k_m	f16_r	TN	1	4	2048
qwen3.6:35b-a3b-q4_k_m	f16_r	TN	1	4	2048
qwen3.6:35b-a3b-q4_k_m	f16_r	TN	1	4	2048
qwen3.6:35b-a3b-q4_k_m	f16_r	TN	1	4	2048
qwen3.6:35b-a3b-q4_k_m	f16_r	TN	1	4	2048
qwen3.6:35b-a3b-q4_k_m	f16_r	TN	1	4	2048
qwen3.6:35b-a3b-q4_k_m	f16_r	TN	1	4	2048
qwen3.6:35b-a3b-q4_k_m	f16_r	TN	1	4	2048
qwen3.6:35b-a3b-q4_k_m	f16_r	TN	1	4	2048
qwen3.6:35b-a3b-q4_k_m	f16_r	TN	1	4	2048
qwen3.6:35b-a3b-q4_k_m	f16_r	TN	1	4	2048
qwen3.6:35b-a3b-q4_k_m	f16_r	TN	1	4	2048
qwen3.6:35b-a3b-q4_k_m	f16_r	TN	1	4	2048
qwen3.6:35b-a3b-q4_k_m	f16_r	TN	1	4	2048
qwen3.6:35b-a3b-q4_k_m	f16_r	TN	1	4	2048
qwen3.6:35b-a3b-q4_k_m	f16_r	TN	1	4	2048
qwen3.6:35b-a3b-q4_k_m	f16_r	TN	1	4	2048
qwen3.6:35b-a3b-q4_k_m	f16_r	TN	1	4	2048
qwen3.6:35b-a3b-q4_k_m	f16_r	TN	1	4	2048
qwen3.6:35b-a3b-q4_k_m	f16_r	TN	1	4	2048
qwen3.6:35b-a3b-q4_k_m	f16_r	TN	1	4	2048
qwen3.6:35b-a3b-q4_k_m	f16_r	TN	1	4	2048
qwen3.6:35b-a3b-q4_k_m	f16_r	TN	1	4	2048
qwen3.6:35b-a3b-q4_k_m	f16_r	TN	1	4	2048
qwen3.6:35b-a3b-q4_k_m	f16_r	TN	1	4	2048
qwen3.6:35b-a3b-q4_k_m	f16_r	TN	1	4	2048
qwen3.6:35b-a3b-q4_k_m	f16_r	TN	1	4	2048
qwen3.6:35b-a3b-q4_k_m	f16_r	TN	1	4	2048
qwen3.6:35b-a3b-q4_k_m	f16_r	TN	1	4	2048
qwen3.6:35b-a3b-q4_k_m	f16_r	TN	1	4	2048
qwen3.6:35b-a3b-q4_k_m	f16_r	TN	1	4	2048
qwen3.6:35b-a3b-q4_k_m	f16_r	TN	1	4	2048
qwen3.6:35b-a3b-q4_k_m	f16_r	TN	1	4	2048
qwen3.6:35b-a3b-q4_k_m	f16_r	TN	1	4	2048
qwen3.6:35b-a3b-q4_k_m	f16_r	TN	1	4	2048
gemma4:26b-a4b-it-q4_K_M	f16_r	TN	9900	1152	768
gemma4:26b-a4b-it-q4_K_M	f16_r	TN	1152	9900	1152
gemma4:26b-a4b-it-q4_K_M	f16_r	TN	1152	9900	1152
gemma4:26b-a4b-it-q4_K_M	f16_r	TN	1152	9900	1152
gemma4:26b-a4b-it-q4_K_M	f16_r	TN	1152	9900	1152
gemma4:26b-a4b-it-q4_K_M	f16_r	TN	4304	9900	1152
gemma4:26b-a4b-it-q4_K_M	f16_r	TN	4304	9900	1152
gemma4:26b-a4b-it-q4_K_M	f16_r	TN	1152	9900	4304
gemma4:26b-a4b-it-q4_K_M	f16_r	TN	1152	9900	1152
gemma4:26b-a4b-it-q4_K_M	f16_r	TN	1152	9900	1152
gemma4:26b-a4b-it-q4_K_M	f16_r	TN	1152	9900	1152
gemma4:26b-a4b-it-q4_K_M	f16_r	TN	1152	9900	1152
gemma4:26b-a4b-it-q4_K_M	f16_r	TN	4304	9900	1152
gemma4:26b-a4b-it-q4_K_M	f16_r	TN	4304	9900	1152
gemma4:26b-a4b-it-q4_K_M	f16_r	TN	1152	9900	4304
gemma4:26b-a4b-it-q4_K_M	f16_r	TN	1152	9900	1152
gemma4:26b-a4b-it-q4_K_M	f16_r	TN	1152	9900	1152
gemma4:26b-a4b-it-q4_K_M	f16_r	TN	1152	9900	1152
gemma4:26b-a4b-it-q4_K_M	f16_r	TN	1152	9900	1152
gemma4:26b-a4b-it-q4_K_M	f16_r	TN	4304	9900	1152
gemma4:26b-a4b-it-q4_K_M	f16_r	TN	4304	9900	1152
gemma4:26b-a4b-it-q4_K_M	f16_r	TN	1152	9900	4304
gemma4:26b-a4b-it-q4_K_M	f16_r	TN	1152	9900	1152
gemma4:26b-a4b-it-q4_K_M	f16_r	TN	1152	9900	1152
gemma4:26b-a4b-it-q4_K_M	f16_r	TN	1152	9900	1152
gemma4:26b-a4b-it-q4_K_M	f16_r	TN	1152	9900	1152
gemma4:26b-a4b-it-q4_K_M	f16_r	TN	4304	9900	1152
gemma4:26b-a4b-it-q4_K_M	f16_r	TN	4304	9900	1152
gemma4:26b-a4b-it-q4_K_M	f16_r	TN	1152	9900	4304
gemma4:26b-a4b-it-q4_K_M	f16_r	TN	1152	9900	1152
gemma4:26b-a4b-it-q4_K_M	f16_r	TN	1152	9900	1152
gemma4:26b-a4b-it-q4_K_M	f16_r	TN	1152	9900	1152
gemma4:26b-a4b-it-q4_K_M	f16_r	TN	1152	9900	1152
gemma4:26b-a4b-it-q4_K_M	f16_r	TN	4304	9900	1152
gemma4:26b-a4b-it-q4_K_M	f16_r	TN	4304	9900	1152
gemma4:26b-a4b-it-q4_K_M	f16_r	TN	1152	9900	4304
gemma4:26b-a4b-it-q4_K_M	f16_r	TN	1152	9900	1152
gemma4:26b-a4b-it-q4_K_M	f16_r	TN	1152	9900	1152
gemma4:26b-a4b-it-q4_K_M	f16_r	TN	1152	9900	1152
gemma4:26b-a4b-it-q4_K_M	f16_r	TN	1152	9900	1152
gemma4:26b-a4b-it-q4_K_M	f16_r	TN	4304	9900	1152
gemma4:26b-a4b-it-q4_K_M	f16_r	TN	4304	9900	1152
gemma4:26b-a4b-it-q4_K_M	f16_r	TN	1152	9900	4304
gemma4:26b-a4b-it-q4_K_M	f16_r	TN	1152	9900	1152
gemma4:26b-a4b-it-q4_K_M	f16_r	TN	1152	9900	1152
gemma4:26b-a4b-it-q4_K_M	f16_r	TN	1152	9900	1152
gemma4:26b-a4b-it-q4_K_M	f16_r	TN	1152	9900	1152
gemma4:26b-a4b-it-q4_K_M	f16_r	TN	4304	9900	1152
gemma4:26b-a4b-it-q4_K_M	f16_r	TN	4304	9900	1152
gemma4:26b-a4b-it-q4_K_M	f16_r	TN	1152	9900	4304
gemma4:26b-a4b-it-q4_K_M	f16_r	TN	1152	9900	1152
gemma4:26b-a4b-it-q4_K_M	f16_r	TN	1152	9900	1152
gemma4:26b-a4b-it-q4_K_M	f16_r	TN	1152	9900	1152
gemma4:26b-a4b-it-q4_K_M	f16_r	TN	1152	9900	1152
gemma4:26b-a4b-it-q4_K_M	f16_r	TN	4304	9900	1152
gemma4:26b-a4b-it-q4_K_M	f16_r	TN	4304	9900	1152
gemma4:26b-a4b-it-q4_K_M	f16_r	TN	1152	9900	4304
gemma4:26b-a4b-it-q4_K_M	f16_r	TN	1152	9900	1152
gemma4:26b-a4b-it-q4_K_M	f16_r	TN	1152	9900	1152
gemma4:26b-a4b-it-q4_K_M	f16_r	TN	1152	9900	1152
gemma4:26b-a4b-it-q4_K_M	f16_r	TN	1152	9900	1152
gemma4:26b-a4b-it-q4_K_M	f16_r	TN	4304	9900	1152
gemma4:26b-a4b-it-q4_K_M	f16_r	TN	4304	9900	1152
gemma4:26b-a4b-it-q4_K_M	f16_r	TN	1152	9900	4304
gemma4:26b-a4b-it-q4_K_M	f16_r	TN	1152	9900	1152
gemma4:26b-a4b-it-q4_K_M	f16_r	TN	1152	9900	1152
gemma4:26b-a4b-it-q4_K_M	f16_r	TN	1152	9900	1152
gemma4:26b-a4b-it-q4_K_M	f16_r	TN	1152	9900	1152
gemma4:26b-a4b-it-q4_K_M	f16_r	TN	4304	9900	1152
gemma4:26b-a4b-it-q4_K_M	f16_r	TN	4304	9900	1152
gemma4:26b-a4b-it-q4_K_M	f16_r	TN	1152	9900	4304
gemma4:26b-a4b-it-q4_K_M	f16_r	TN	1152	9900	1152
gemma4:26b-a4b-it-q4_K_M	f16_r	TN	1152	9900	1152
gemma4:26b-a4b-it-q4_K_M	f16_r	TN	1152	9900	1152
gemma4:26b-a4b-it-q4_K_M	f16_r	TN	1152	9900	1152
gemma4:26b-a4b-it-q4_K_M	f16_r	TN	4304	9900	1152
gemma4:26b-a4b-it-q4_K_M	f16_r	TN	4304	9900	1152
gemma4:26b-a4b-it-q4_K_M	f16_r	TN	1152	9900	4304
gemma4:26b-a4b-it-q4_K_M	f16_r	TN	1152	9900	1152
gemma4:26b-a4b-it-q4_K_M	f16_r	TN	1152	9900	1152
gemma4:26b-a4b-it-q4_K_M	f16_r	TN	1152	9900	1152
gemma4:26b-a4b-it-q4_K_M	f16_r	TN	1152	9900	1152
gemma4:26b-a4b-it-q4_K_M	f16_r	TN	4304	9900	1152
gemma4:26b-a4b-it-q4_K_M	f16_r	TN	4304	9900	1152
gemma4:26b-a4b-it-q4_K_M	f16_r	TN	1152	9900	4304
gemma4:26b-a4b-it-q4_K_M	f16_r	TN	1152	9900	1152
gemma4:26b-a4b-it-q4_K_M	f16_r	TN	1152	9900	1152
gemma4:26b-a4b-it-q4_K_M	f16_r	TN	1152	9900	1152
gemma4:26b-a4b-it-q4_K_M	f16_r	TN	1152	9900	1152
gemma4:26b-a4b-it-q4_K_M	f16_r	TN	4304	9900	1152
gemma4:26b-a4b-it-q4_K_M	f16_r	TN	4304	9900	1152
gemma4:26b-a4b-it-q4_K_M	f16_r	TN	1152	9900	4304
gemma4:26b-a4b-it-q4_K_M	f16_r	TN	1152	9900	1152
gemma4:26b-a4b-it-q4_K_M	f16_r	TN	1152	9900	1152
gemma4:26b-a4b-it-q4_K_M	f16_r	TN	1152	9900	1152
gemma4:26b-a4b-it-q4_K_M	f16_r	TN	1152	9900	1152
gemma4:26b-a4b-it-q4_K_M	f16_r	TN	4304	9900	1152
gemma4:26b-a4b-it-q4_K_M	f16_r	TN	4304	9900	1152
gemma4:26b-a4b-it-q4_K_M	f16_r	TN	1152	9900	4304
gemma4:26b-a4b-it-q4_K_M	f16_r	TN	1152	9900	1152
gemma4:26b-a4b-it-q4_K_M	f16_r	TN	1152	9900	1152
gemma4:26b-a4b-it-q4_K_M	f16_r	TN	1152	9900	1152
gemma4:26b-a4b-it-q4_K_M	f16_r	TN	1152	9900	1152
gemma4:26b-a4b-it-q4_K_M	f16_r	TN	4304	9900	1152
gemma4:26b-a4b-it-q4_K_M	f16_r	TN	4304	9900	1152
gemma4:26b-a4b-it-q4_K_M	f16_r	TN	1152	9900	4304
gemma4:26b-a4b-it-q4_K_M	f16_r	TN	1152	9900	1152
gemma4:26b-a4b-it-q4_K_M	f16_r	TN	1152	9900	1152
gemma4:26b-a4b-it-q4_K_M	f16_r	TN	1152	9900	1152
gemma4:26b-a4b-it-q4_K_M	f16_r	TN	1152	9900	1152
gemma4:26b-a4b-it-q4_K_M	f16_r	TN	4304	9900	1152
gemma4:26b-a4b-it-q4_K_M	f16_r	TN	4304	9900	1152
gemma4:26b-a4b-it-q4_K_M	f16_r	TN	1152	9900	4304
gemma4:26b-a4b-it-q4_K_M	f16_r	TN	1152	9900	1152
gemma4:26b-a4b-it-q4_K_M	f16_r	TN	1152	9900	1152
gemma4:26b-a4b-it-q4_K_M	f16_r	TN	1152	9900	1152
gemma4:26b-a4b-it-q4_K_M	f16_r	TN	1152	9900	1152
gemma4:26b-a4b-it-q4_K_M	f16_r	TN	4304	9900	1152
gemma4:26b-a4b-it-q4_K_M	f16_r	TN	4304	9900	1152
gemma4:26b-a4b-it-q4_K_M	f16_r	TN	1152	9900	4304
gemma4:26b-a4b-it-q4_K_M	f16_r	TN	1152	9900	1152
gemma4:26b-a4b-it-q4_K_M	f16_r	TN	1152	9900	1152
gemma4:26b-a4b-it-q4_K_M	f16_r	TN	1152	9900	1152
gemma4:26b-a4b-it-q4_K_M	f16_r	TN	1152	9900	1152
gemma4:26b-a4b-it-q4_K_M	f16_r	TN	4304	9900	1152
gemma4:26b-a4b-it-q4_K_M	f16_r	TN	4304	9900	1152
gemma4:26b-a4b-it-q4_K_M	f16_r	TN	1152	9900	4304
gemma4:26b-a4b-it-q4_K_M	f16_r	TN	1152	9900	1152
gemma4:26b-a4b-it-q4_K_M	f16_r	TN	1152	9900	1152
gemma4:26b-a4b-it-q4_K_M	f16_r	TN	1152	9900	1152
gemma4:26b-a4b-it-q4_K_M	f16_r	TN	1152	9900	1152
gemma4:26b-a4b-it-q4_K_M	f16_r	TN	4304	9900	1152
gemma4:26b-a4b-it-q4_K_M	f16_r	TN	4304	9900	1152
gemma4:26b-a4b-it-q4_K_M	f16_r	TN	1152	9900	4304
gemma4:26b-a4b-it-q4_K_M	f16_r	TN	1152	9900	1152
gemma4:26b-a4b-it-q4_K_M	f16_r	TN	1152	9900	1152
gemma4:26b-a4b-it-q4_K_M	f16_r	TN	1152	9900	1152
gemma4:26b-a4b-it-q4_K_M	f16_r	TN	1152	9900	1152
gemma4:26b-a4b-it-q4_K_M	f16_r	TN	4304	9900	1152
gemma4:26b-a4b-it-q4_K_M	f16_r	TN	4304	9900	1152
gemma4:26b-a4b-it-q4_K_M	f16_r	TN	1152	9900	4304
gemma4:26b-a4b-it-q4_K_M	f16_r	TN	1152	9900	1152
gemma4:26b-a4b-it-q4_K_M	f16_r	TN	1152	9900	1152
gemma4:26b-a4b-it-q4_K_M	f16_r	TN	1152	9900	1152
gemma4:26b-a4b-it-q4_K_M	f16_r	TN	1152	9900	1152
gemma4:26b-a4b-it-q4_K_M	f16_r	TN	4304	9900	1152
gemma4:26b-a4b-it-q4_K_M	f16_r	TN	4304	9900	1152
gemma4:26b-a4b-it-q4_K_M	f16_r	TN	1152	9900	4304
gemma4:26b-a4b-it-q4_K_M	f16_r	TN	1152	9900	1152
gemma4:26b-a4b-it-q4_K_M	f16_r	TN	1152	9900	1152
gemma4:26b-a4b-it-q4_K_M	f16_r	TN	1152	9900	1152
gemma4:26b-a4b-it-q4_K_M	f16_r	TN	1152	9900	1152
gemma4:26b-a4b-it-q4_K_M	f16_r	TN	4304	9900	1152
gemma4:26b-a4b-it-q4_K_M	f16_r	TN	4304	9900	1152
gemma4:26b-a4b-it-q4_K_M	f16_r	TN	1152	9900	4304
gemma4:26b-a4b-it-q4_K_M	f16_r	TN	1152	9900	1152
gemma4:26b-a4b-it-q4_K_M	f16_r	TN	1152	9900	1152
gemma4:26b-a4b-it-q4_K_M	f16_r	TN	1152	9900	1152
gemma4:26b-a4b-it-q4_K_M	f16_r	TN	1152	9900	1152
gemma4:26b-a4b-it-q4_K_M	f16_r	TN	4304	9900	1152
gemma4:26b-a4b-it-q4_K_M	f16_r	TN	4304	9900	1152
gemma4:26b-a4b-it-q4_K_M	f16_r	TN	1152	9900	4304
gemma4:26b-a4b-it-q4_K_M	f16_r	TN	1152	9900	1152
gemma4:26b-a4b-it-q4_K_M	f16_r	TN	1152	9900	1152
gemma4:26b-a4b-it-q4_K_M	f16_r	TN	1152	9900	1152
gemma4:26b-a4b-it-q4_K_M	f16_r	TN	1152	9900	1152
gemma4:26b-a4b-it-q4_K_M	f16_r	TN	4304	9900	1152
gemma4:26b-a4b-it-q4_K_M	f16_r	TN	4304	9900	1152
gemma4:26b-a4b-it-q4_K_M	f16_r	TN	1152	9900	4304
gemma4:26b-a4b-it-q4_K_M	f16_r	TN	1152	9900	1152
gemma4:26b-a4b-it-q4_K_M	f16_r	TN	1152	9900	1152
gemma4:26b-a4b-it-q4_K_M	f16_r	TN	1152	9900	1152
gemma4:26b-a4b-it-q4_K_M	f16_r	TN	1152	9900	1152
gemma4:26b-a4b-it-q4_K_M	f16_r	TN	4304	9900	1152
gemma4:26b-a4b-it-q4_K_M	f16_r	TN	4304	9900	1152
gemma4:26b-a4b-it-q4_K_M	f16_r	TN	1152	9900	4304
gemma4:26b-a4b-it-q4_K_M	f16_r	TN	1152	9900	1152
gemma4:26b-a4b-it-q4_K_M	f16_r	TN	1152	9900	1152
gemma4:26b-a4b-it-q4_K_M	f16_r	TN	1152	9900	1152
gemma4:26b-a4b-it-q4_K_M	f16_r	TN	1152	9900	1152
gemma4:26b-a4b-it-q4_K_M	f16_r	TN	4304	9900	1152
gemma4:26b-a4b-it-q4_K_M	f16_r	TN	4304	9900	1152
gemma4:26b-a4b-it-q4_K_M	f16_r	TN	1152	9900	4304
gemma4:26b-a4b-it-q4_K_M	f16_r	TN	1152	9900	1152
gemma4:26b-a4b-it-q4_K_M	f16_r	TN	1152	9900	1152
gemma4:26b-a4b-it-q4_K_M	f16_r	TN	1152	9900	1152
gemma4:26b-a4b-it-q4_K_M	f16_r	TN	1152	9900	1152
gemma4:26b-a4b-it-q4_K_M	f16_r	TN	4304	9900	1152
gemma4:26b-a4b-it-q4_K_M	f16_r	TN	4304	9900	1152
gemma4:26b-a4b-it-q4_K_M	f16_r	TN	1152	9900	4304
gemma4:26b-a4b-it-q4_K_M	f16_r	TN	2816	1100	1152
gemma4:26b-a4b-it-q4_K_M	f16_r	TN	2048	1100	2816
gemma4:26b-a4b-it-q4_K_M	f32_r	TN	128	1100	2816
gemma4:26b-a4b-it-q4_K_M	f16_r	TN	2048	1100	2816
gemma4:26b-a4b-it-q4_K_M	f32_r	TN	128	1100	2816
gemma4:26b-a4b-it-q4_K_M	f16_r	TN	2048	1100	2816
gemma4:26b-a4b-it-q4_K_M	f32_r	TN	128	1100	2816
gemma4:26b-a4b-it-q4_K_M	f16_r	TN	2048	1100	2816
gemma4:26b-a4b-it-q4_K_M	f32_r	TN	128	1100	2816
gemma4:26b-a4b-it-q4_K_M	f16_r	TN	2048	1100	2816
gemma4:26b-a4b-it-q4_K_M	f32_r	TN	128	1100	2816
gemma4:26b-a4b-it-q4_K_M	f32_r	TN	128	1100	2816
gemma4:26b-a4b-it-q4_K_M	f16_r	TN	2048	1100	2816
gemma4:26b-a4b-it-q4_K_M	f32_r	TN	128	1100	2816
gemma4:26b-a4b-it-q4_K_M	f32_r	TN	128	1100	2816
gemma4:26b-a4b-it-q4_K_M	f32_r	TN	128	1100	2816
gemma4:26b-a4b-it-q4_K_M	f16_r	TN	2048	1100	2816
gemma4:26b-a4b-it-q4_K_M	f32_r	TN	128	1100	2816
gemma4:26b-a4b-it-q4_K_M	f32_r	TN	128	1100	2816
gemma4:26b-a4b-it-q4_K_M	f32_r	TN	128	1100	2816
gemma4:26b-a4b-it-q4_K_M	f32_r	TN	128	1100	2816
gemma4:26b-a4b-it-q4_K_M	f16_r	TN	2048	1100	2816
gemma4:26b-a4b-it-q4_K_M	f32_r	TN	128	1100	2816
gemma4:26b-a4b-it-q4_K_M	f32_r	TN	128	1100	2816
gemma4:26b-a4b-it-q4_K_M	f32_r	TN	128	1100	2816
gemma4:26b-a4b-it-q4_K_M	f16_r	TN	2048	1100	2816
gemma4:26b-a4b-it-q4_K_M	f32_r	TN	128	1100	2816
gemma4:26b-a4b-it-q4_K_M	f32_r	TN	128	1100	2816
gemma4:26b-a4b-it-q4_K_M	f32_r	TN	128	1100	2816
gemma4:26b-a4b-it-q4_K_M	f32_r	TN	128	1100	2816
gemma4:26b-a4b-it-q4_K_M	f16_r	TN	2048	1100	2816
gemma4:26b-a4b-it-q4_K_M	f32_r	TN	128	1100	2816
gemma4:26b-a4b-it-q4_K_M	f32_r	TN	128	1100	2816
gemma4:26b-a4b-it-q4_K_M	f32_r	TN	128	1100	2816
gemma4:26b-a4b-it-q4_K_M	f32_r	TN	128	1100	2816
gemma4:26b-a4b-it-q4_K_M	f16_r	TN	2048	1100	2816
gemma4:26b-a4b-it-q4_K_M	f32_r	TN	128	1100	2816
gemma4:26b-a4b-it-q4_K_M	f32_r	TN	128	1100	2816
gemma4:26b-a4b-it-q4_K_M	f32_r	TN	128	1100	2816
gemma4:26b-a4b-it-q4_K_M	f16_r	TN	2048	1100	2816
gemma4:26b-a4b-it-q4_K_M	f32_r	TN	128	1100	2816
gemma4:26b-a4b-it-q4_K_M	f32_r	TN	128	1100	2816
gemma4:26b-a4b-it-q4_K_M	f32_r	TN	128	1100	2816
gemma4:26b-a4b-it-q4_K_M	f32_r	TN	128	10	2816
gemma4:26b-a4b-it-q4_K_M	f32_r	TN	128	10	2816
gemma4:26b-a4b-it-q4_K_M	f32_r	TN	128	10	2816
gemma4:26b-a4b-it-q4_K_M	f32_r	TN	128	10	2816
gemma4:26b-a4b-it-q4_K_M	f32_r	TN	128	10	2816
gemma4:26b-a4b-it-q4_K_M	f32_r	TN	128	10	2816
gemma4:26b-a4b-it-q4_K_M	f32_r	TN	128	10	2816
gemma4:26b-a4b-it-q4_K_M	f32_r	TN	128	10	2816
gemma4:26b-a4b-it-q4_K_M	f32_r	TN	128	10	2816
gemma4:26b-a4b-it-q4_K_M	f32_r	TN	128	10	2816
gemma4:26b-a4b-it-q4_K_M	f32_r	TN	128	10	2816
gemma4:26b-a4b-it-q4_K_M	f32_r	TN	128	10	2816
gemma4:26b-a4b-it-q4_K_M	f32_r	TN	128	10	2816
gemma4:26b-a4b-it-q4_K_M	f32_r	TN	128	10	2816
gemma4:26b-a4b-it-q4_K_M	f32_r	TN	128	10	2816
gemma4:26b-a4b-it-q4_K_M	f32_r	TN	128	10	2816
gemma4:26b-a4b-it-q4_K_M	f32_r	TN	128	10	2816
gemma4:26b-a4b-it-q4_K_M	f32_r	TN	128	10	2816
gemma4:26b-a4b-it-q4_K_M	f32_r	TN	128	10	2816
gemma4:26b-a4b-it-q4_K_M	f32_r	TN	128	10	2816
gemma4:26b-a4b-it-q4_K_M	f32_r	TN	128	10	2816
gemma4:26b-a4b-it-q4_K_M	f32_r	TN	128	10	2816
gemma4:26b-a4b-it-q4_K_M	f32_r	TN	128	10	2816
gemma4:26b-a4b-it-q4_K_M	f32_r	TN	128	10	2816
gemma4:26b-a4b-it-q4_K_M	f32_r	TN	128	10	2816
gemma4:26b-a4b-it-q4_K_M	f32_r	TN	128	10	2816
gemma4:26b-a4b-it-q4_K_M	f32_r	TN	128	10	2816
gemma4:26b-a4b-it-q4_K_M	f32_r	TN	128	10	2816
gemma4:26b-a4b-it-q4_K_M	f32_r	TN	128	10	2816
gemma4:26b-a4b-it-q4_K_M	f32_r	TN	128	10	2816
