case	variant	mode	rep	passed	illegal_access
fixup	head	off	1	1	0
fixup	head	off	2	1	0
fixup	head	off	3	1	0
fixup	head	guard:src1_scale	1	1	0
fixup	head	guard:src1_scale	2	1	0
fixup	head	guard:src1_scale	3	1	0
fixup	head	guard:src1	1	1	0
fixup	head	guard:src1	2	1	0
fixup	head	guard:src1	3	1	0
fixup	head	guard:ids_dst	1	1	0
fixup	head	guard:ids_dst	2	1	0
fixup	head	guard:ids_dst	3	1	0
fixup	headyscale	off	1	1	0
fixup	headyscale	off	2	1	0
fixup	headyscale	off	3	1	0
fixup	headyscale	guard:src1_scale	1	1	0
fixup	headyscale	guard:src1_scale	2	1	0
fixup	headyscale	guard:src1_scale	3	1	0
fixup	headyscale	guard:src1	1	1	0
fixup	headyscale	guard:src1	2	1	0
fixup	headyscale	guard:src1	3	1	0
fixup	headyscale	guard:ids_dst	1	1	0
fixup	headyscale	guard:ids_dst	2	1	0
fixup	headyscale	guard:ids_dst	3	1	0
nofixup	head	off	1	1	0
nofixup	head	off	2	1	0
nofixup	head	off	3	1	0
nofixup	head	guard:src1_scale	1	1	0
nofixup	head	guard:src1_scale	2	1	0
nofixup	head	guard:src1_scale	3	1	0
nofixup	head	guard:src1	1	1	0
nofixup	head	guard:src1	2	1	0
nofixup	head	guard:src1	3	1	0
nofixup	head	guard:ids_dst	1	1	0
nofixup	head	guard:ids_dst	2	1	0
nofixup	head	guard:ids_dst	3	1	0
nofixup	headyscale	off	1	1	0
nofixup	headyscale	off	2	1	0
nofixup	headyscale	off	3	1	0
nofixup	headyscale	guard:src1_scale	1	1	0
nofixup	headyscale	guard:src1_scale	2	1	0
nofixup	headyscale	guard:src1_scale	3	1	0
nofixup	headyscale	guard:src1	1	1	0
nofixup	headyscale	guard:src1	2	1	0
nofixup	headyscale	guard:src1	3	1	0
nofixup	headyscale	guard:ids_dst	1	1	0
nofixup	headyscale	guard:ids_dst	2	1	0
nofixup	headyscale	guard:ids_dst	3	1	0
