case	variant	mode	rep	passed	illegal_access	memcheck_errors
ids16	p29953	guard_src1	1	0	1	
ids16	p29953	guard_src1	2	0	1	
ids16	p29953	guard_src1	3	0	1	
ids16	p29953	guard_ids_dst	1	0	1	
ids16	p29953	guard_ids_dst	2	0	1	
ids16	p29953	guard_ids_dst	3	0	1	
dense321	p29953	guard_src1	1	0	1	
dense321	p29953	guard_src1	2	0	1	
dense321	p29953	guard_src1	3	0	1	
dense321	p29953	guard_ids_dst	1	1	0	
dense321	p29953	guard_ids_dst	2	1	0	
dense321	p29953	guard_ids_dst	3	1	0	
ids16	head29953	stock	1	1	0	
ids16	head29953	stock	2	1	0	
ids16	head29953	stock	3	1	0	
ids16	head29953	guard_src1	1	1	0	
ids16	head29953	guard_src1	2	1	0	
ids16	head29953	guard_src1	3	1	0	
ids16	head29953	guard_ids_dst	1	1	0	
ids16	head29953	guard_ids_dst	2	1	0	
ids16	head29953	guard_ids_dst	3	1	0	
dense321	head29953	stock	1	1	0	
dense321	head29953	stock	2	1	0	
dense321	head29953	stock	3	1	0	
dense321	head29953	guard_src1	1	1	0	
dense321	head29953	guard_src1	2	1	0	
dense321	head29953	guard_src1	3	1	0	
dense321	head29953	guard_ids_dst	1	1	0	
dense321	head29953	guard_ids_dst	2	1	0	
dense321	head29953	guard_ids_dst	3	1	0	
