case	variant	mode	rep	passed	illegal_access	exit	mmq_id
p29847_b0	none	stock	1	1	0	0	
p29847_b0	none	stock	2	1	0	0	
p29847_b0	none	stock	3	1	0	0	
p29847_b0	none	guard_ids_dst	1	0	1	134	MMQ_ID q4_0 fb=0 ne11= 10 ne12= 508 n_used= 10 ne02= 512 | J= 16 nthreads=128 | src1 need= 17 pad= 0 SHORT | ids_dst n= 5080 need= 15 pad= 0 SHORT 
p29847_b0	none	guard_ids_dst	2	0	1	134	MMQ_ID q4_0 fb=0 ne11= 10 ne12= 508 n_used= 10 ne02= 512 | J= 16 nthreads=128 | src1 need= 17 pad= 0 SHORT | ids_dst n= 5080 need= 15 pad= 0 SHORT 
p29847_b0	none	guard_ids_dst	3	0	1	134	MMQ_ID q4_0 fb=0 ne11= 10 ne12= 508 n_used= 10 ne02= 512 | J= 16 nthreads=128 | src1 need= 17 pad= 0 SHORT | ids_dst n= 5080 need= 15 pad= 0 SHORT 
p29847_b0	none	guard_src1	1	0	1	134	MMQ_ID q4_0 fb=0 ne11= 10 ne12= 508 n_used= 10 ne02= 512 | J= 16 nthreads=128 | src1 need= 17 pad= 0 SHORT | ids_dst n= 5080 need= 15 pad= 0 SHORT 
p29847_b0	none	guard_src1	2	0	1	134	MMQ_ID q4_0 fb=0 ne11= 10 ne12= 508 n_used= 10 ne02= 512 | J= 16 nthreads=128 | src1 need= 17 pad= 0 SHORT | ids_dst n= 5080 need= 15 pad= 0 SHORT 
p29847_b0	none	guard_src1	3	0	1	134	MMQ_ID q4_0 fb=0 ne11= 10 ne12= 508 n_used= 10 ne02= 512 | J= 16 nthreads=128 | src1 need= 17 pad= 0 SHORT | ids_dst n= 5080 need= 15 pad= 0 SHORT 
p29847_b0	main	stock	1	1	0	0	
p29847_b0	main	stock	2	1	0	0	
p29847_b0	main	stock	3	1	0	0	
p29847_b0	main	guard_ids_dst	1	0	1	134	MMQ_ID q4_0 fb=0 ne11= 10 ne12= 508 n_used= 10 ne02= 512 | J= 16 nthreads=128 | src1 need= 17 pad=128 covered | ids_dst n= 5080 need= 15 pad= 0 SHORT 
p29847_b0	main	guard_ids_dst	2	0	1	134	MMQ_ID q4_0 fb=0 ne11= 10 ne12= 508 n_used= 10 ne02= 512 | J= 16 nthreads=128 | src1 need= 17 pad=128 covered | ids_dst n= 5080 need= 15 pad= 0 SHORT 
p29847_b0	main	guard_ids_dst	3	0	1	134	MMQ_ID q4_0 fb=0 ne11= 10 ne12= 508 n_used= 10 ne02= 512 | J= 16 nthreads=128 | src1 need= 17 pad=128 covered | ids_dst n= 5080 need= 15 pad= 0 SHORT 
p29847_b0	main	guard_src1	1	1	0	0	MMQ_ID q4_0 fb=0 ne11= 10 ne12= 508 n_used= 10 ne02= 512 | J= 16 nthreads=128 | src1 need= 17 pad=128 covered | ids_dst n= 5080 need= 15 pad= 0 SHORT 
p29847_b0	main	guard_src1	2	1	0	0	MMQ_ID q4_0 fb=0 ne11= 10 ne12= 508 n_used= 10 ne02= 512 | J= 16 nthreads=128 | src1 need= 17 pad=128 covered | ids_dst n= 5080 need= 15 pad= 0 SHORT 
p29847_b0	main	guard_src1	3	1	0	0	MMQ_ID q4_0 fb=0 ne11= 10 ne12= 508 n_used= 10 ne02= 512 | J= 16 nthreads=128 | src1 need= 17 pad=128 covered | ids_dst n= 5080 need= 15 pad= 0 SHORT 
p29847_b0	widest	stock	1	1	0	0	
p29847_b0	widest	stock	2	1	0	0	
p29847_b0	widest	stock	3	1	0	0	
p29847_b0	widest	guard_ids_dst	1	1	0	0	MMQ_ID q4_0 fb=0 ne11= 10 ne12= 508 n_used= 10 ne02= 512 | J= 16 nthreads=128 | src1 need= 17 pad=128 covered | ids_dst n= 5080 need= 15 pad=128 covered
p29847_b0	widest	guard_ids_dst	2	1	0	0	MMQ_ID q4_0 fb=0 ne11= 10 ne12= 508 n_used= 10 ne02= 512 | J= 16 nthreads=128 | src1 need= 17 pad=128 covered | ids_dst n= 5080 need= 15 pad=128 covered
p29847_b0	widest	guard_ids_dst	3	1	0	0	MMQ_ID q4_0 fb=0 ne11= 10 ne12= 508 n_used= 10 ne02= 512 | J= 16 nthreads=128 | src1 need= 17 pad=128 covered | ids_dst n= 5080 need= 15 pad=128 covered
p29847_b0	widest	guard_src1	1	1	0	0	MMQ_ID q4_0 fb=0 ne11= 10 ne12= 508 n_used= 10 ne02= 512 | J= 16 nthreads=128 | src1 need= 17 pad=128 covered | ids_dst n= 5080 need= 15 pad=128 covered
p29847_b0	widest	guard_src1	2	1	0	0	MMQ_ID q4_0 fb=0 ne11= 10 ne12= 508 n_used= 10 ne02= 512 | J= 16 nthreads=128 | src1 need= 17 pad=128 covered | ids_dst n= 5080 need= 15 pad=128 covered
p29847_b0	widest	guard_src1	3	1	0	0	MMQ_ID q4_0 fb=0 ne11= 10 ne12= 508 n_used= 10 ne02= 512 | J= 16 nthreads=128 | src1 need= 17 pad=128 covered | ids_dst n= 5080 need= 15 pad=128 covered
p29847_b0	amended	stock	1	1	0	0	
p29847_b0	amended	stock	2	1	0	0	
p29847_b0	amended	stock	3	1	0	0	
p29847_b0	amended	guard_ids_dst	1	1	0	0	MMQ_ID q4_0 fb=0 ne11= 10 ne12= 508 n_used= 10 ne02= 512 | J= 16 nthreads=128 | src1 need= 17 pad=128 covered | ids_dst n= 5080 need= 15 pad=128 covered
p29847_b0	amended	guard_ids_dst	2	1	0	0	MMQ_ID q4_0 fb=0 ne11= 10 ne12= 508 n_used= 10 ne02= 512 | J= 16 nthreads=128 | src1 need= 17 pad=128 covered | ids_dst n= 5080 need= 15 pad=128 covered
p29847_b0	amended	guard_ids_dst	3	1	0	0	MMQ_ID q4_0 fb=0 ne11= 10 ne12= 508 n_used= 10 ne02= 512 | J= 16 nthreads=128 | src1 need= 17 pad=128 covered | ids_dst n= 5080 need= 15 pad=128 covered
p29847_b0	amended	guard_src1	1	1	0	0	MMQ_ID q4_0 fb=0 ne11= 10 ne12= 508 n_used= 10 ne02= 512 | J= 16 nthreads=128 | src1 need= 17 pad=128 covered | ids_dst n= 5080 need= 15 pad=128 covered
p29847_b0	amended	guard_src1	2	1	0	0	MMQ_ID q4_0 fb=0 ne11= 10 ne12= 508 n_used= 10 ne02= 512 | J= 16 nthreads=128 | src1 need= 17 pad=128 covered | ids_dst n= 5080 need= 15 pad=128 covered
p29847_b0	amended	guard_src1	3	1	0	0	MMQ_ID q4_0 fb=0 ne11= 10 ne12= 508 n_used= 10 ne02= 512 | J= 16 nthreads=128 | src1 need= 17 pad=128 covered | ids_dst n= 5080 need= 15 pad=128 covered
p29847_b1	none	stock	1	1	0	0	
p29847_b1	none	stock	2	1	0	0	
p29847_b1	none	stock	3	1	0	0	
p29847_b1	none	guard_ids_dst	1	0	1	134	MMQ_ID q4_0 fb=0 ne11= 1 ne12= 508 n_used= 10 ne02= 512 | J= 16 nthreads=128 | src1 need= 17 pad= 0 SHORT | ids_dst n= 5080 need= 15 pad= 0 SHORT 
p29847_b1	none	guard_ids_dst	2	0	1	134	MMQ_ID q4_0 fb=0 ne11= 1 ne12= 508 n_used= 10 ne02= 512 | J= 16 nthreads=128 | src1 need= 17 pad= 0 SHORT | ids_dst n= 5080 need= 15 pad= 0 SHORT 
p29847_b1	none	guard_ids_dst	3	0	1	134	MMQ_ID q4_0 fb=0 ne11= 1 ne12= 508 n_used= 10 ne02= 512 | J= 16 nthreads=128 | src1 need= 17 pad= 0 SHORT | ids_dst n= 5080 need= 15 pad= 0 SHORT 
p29847_b1	none	guard_src1	1	0	1	134	MMQ_ID q4_0 fb=0 ne11= 1 ne12= 508 n_used= 10 ne02= 512 | J= 16 nthreads=128 | src1 need= 17 pad= 0 SHORT | ids_dst n= 5080 need= 15 pad= 0 SHORT 
p29847_b1	none	guard_src1	2	0	1	134	MMQ_ID q4_0 fb=0 ne11= 1 ne12= 508 n_used= 10 ne02= 512 | J= 16 nthreads=128 | src1 need= 17 pad= 0 SHORT | ids_dst n= 5080 need= 15 pad= 0 SHORT 
p29847_b1	none	guard_src1	3	0	1	134	MMQ_ID q4_0 fb=0 ne11= 1 ne12= 508 n_used= 10 ne02= 512 | J= 16 nthreads=128 | src1 need= 17 pad= 0 SHORT | ids_dst n= 5080 need= 15 pad= 0 SHORT 
p29847_b1	main	stock	1	1	0	0	
p29847_b1	main	stock	2	1	0	0	
p29847_b1	main	stock	3	1	0	0	
p29847_b1	main	guard_ids_dst	1	0	1	134	MMQ_ID q4_0 fb=0 ne11= 1 ne12= 508 n_used= 10 ne02= 512 | J= 16 nthreads=128 | src1 need= 17 pad=128 covered | ids_dst n= 5080 need= 15 pad= 0 SHORT 
p29847_b1	main	guard_ids_dst	2	0	1	134	MMQ_ID q4_0 fb=0 ne11= 1 ne12= 508 n_used= 10 ne02= 512 | J= 16 nthreads=128 | src1 need= 17 pad=128 covered | ids_dst n= 5080 need= 15 pad= 0 SHORT 
p29847_b1	main	guard_ids_dst	3	0	1	134	MMQ_ID q4_0 fb=0 ne11= 1 ne12= 508 n_used= 10 ne02= 512 | J= 16 nthreads=128 | src1 need= 17 pad=128 covered | ids_dst n= 5080 need= 15 pad= 0 SHORT 
p29847_b1	main	guard_src1	1	1	0	0	MMQ_ID q4_0 fb=0 ne11= 1 ne12= 508 n_used= 10 ne02= 512 | J= 16 nthreads=128 | src1 need= 17 pad=128 covered | ids_dst n= 5080 need= 15 pad= 0 SHORT 
p29847_b1	main	guard_src1	2	1	0	0	MMQ_ID q4_0 fb=0 ne11= 1 ne12= 508 n_used= 10 ne02= 512 | J= 16 nthreads=128 | src1 need= 17 pad=128 covered | ids_dst n= 5080 need= 15 pad= 0 SHORT 
p29847_b1	main	guard_src1	3	1	0	0	MMQ_ID q4_0 fb=0 ne11= 1 ne12= 508 n_used= 10 ne02= 512 | J= 16 nthreads=128 | src1 need= 17 pad=128 covered | ids_dst n= 5080 need= 15 pad= 0 SHORT 
p29847_b1	widest	stock	1	1	0	0	
p29847_b1	widest	stock	2	1	0	0	
p29847_b1	widest	stock	3	1	0	0	
p29847_b1	widest	guard_ids_dst	1	1	0	0	MMQ_ID q4_0 fb=0 ne11= 1 ne12= 508 n_used= 10 ne02= 512 | J= 16 nthreads=128 | src1 need= 17 pad=128 covered | ids_dst n= 5080 need= 15 pad=128 covered
p29847_b1	widest	guard_ids_dst	2	1	0	0	MMQ_ID q4_0 fb=0 ne11= 1 ne12= 508 n_used= 10 ne02= 512 | J= 16 nthreads=128 | src1 need= 17 pad=128 covered | ids_dst n= 5080 need= 15 pad=128 covered
p29847_b1	widest	guard_ids_dst	3	1	0	0	MMQ_ID q4_0 fb=0 ne11= 1 ne12= 508 n_used= 10 ne02= 512 | J= 16 nthreads=128 | src1 need= 17 pad=128 covered | ids_dst n= 5080 need= 15 pad=128 covered
p29847_b1	widest	guard_src1	1	1	0	0	MMQ_ID q4_0 fb=0 ne11= 1 ne12= 508 n_used= 10 ne02= 512 | J= 16 nthreads=128 | src1 need= 17 pad=128 covered | ids_dst n= 5080 need= 15 pad=128 covered
p29847_b1	widest	guard_src1	2	1	0	0	MMQ_ID q4_0 fb=0 ne11= 1 ne12= 508 n_used= 10 ne02= 512 | J= 16 nthreads=128 | src1 need= 17 pad=128 covered | ids_dst n= 5080 need= 15 pad=128 covered
p29847_b1	widest	guard_src1	3	1	0	0	MMQ_ID q4_0 fb=0 ne11= 1 ne12= 508 n_used= 10 ne02= 512 | J= 16 nthreads=128 | src1 need= 17 pad=128 covered | ids_dst n= 5080 need= 15 pad=128 covered
p29847_b1	amended	stock	1	1	0	0	
p29847_b1	amended	stock	2	1	0	0	
p29847_b1	amended	stock	3	1	0	0	
p29847_b1	amended	guard_ids_dst	1	1	0	0	MMQ_ID q4_0 fb=0 ne11= 1 ne12= 508 n_used= 10 ne02= 512 | J= 16 nthreads=128 | src1 need= 17 pad=128 covered | ids_dst n= 5080 need= 15 pad=128 covered
p29847_b1	amended	guard_ids_dst	2	1	0	0	MMQ_ID q4_0 fb=0 ne11= 1 ne12= 508 n_used= 10 ne02= 512 | J= 16 nthreads=128 | src1 need= 17 pad=128 covered | ids_dst n= 5080 need= 15 pad=128 covered
p29847_b1	amended	guard_ids_dst	3	1	0	0	MMQ_ID q4_0 fb=0 ne11= 1 ne12= 508 n_used= 10 ne02= 512 | J= 16 nthreads=128 | src1 need= 17 pad=128 covered | ids_dst n= 5080 need= 15 pad=128 covered
p29847_b1	amended	guard_src1	1	1	0	0	MMQ_ID q4_0 fb=0 ne11= 1 ne12= 508 n_used= 10 ne02= 512 | J= 16 nthreads=128 | src1 need= 17 pad=128 covered | ids_dst n= 5080 need= 15 pad=128 covered
p29847_b1	amended	guard_src1	2	1	0	0	MMQ_ID q4_0 fb=0 ne11= 1 ne12= 508 n_used= 10 ne02= 512 | J= 16 nthreads=128 | src1 need= 17 pad=128 covered | ids_dst n= 5080 need= 15 pad=128 covered
p29847_b1	amended	guard_src1	3	1	0	0	MMQ_ID q4_0 fb=0 ne11= 1 ne12= 508 n_used= 10 ne02= 512 | J= 16 nthreads=128 | src1 need= 17 pad=128 covered | ids_dst n= 5080 need= 15 pad=128 covered
j100_b0	none	stock	1	1	0	0	
j100_b0	none	stock	2	1	0	0	
j100_b0	none	stock	3	1	0	0	
j100_b0	none	guard_ids_dst	1	0	1	134	MMQ_ID q4_0 fb=0 ne11= 10 ne12= 100 n_used= 10 ne02= 512 | J= 16 nthreads=128 | src1 need= 17 pad= 0 SHORT | ids_dst n= 1000 need= 15 pad= 0 SHORT 
j100_b0	none	guard_ids_dst	2	0	1	134	MMQ_ID q4_0 fb=0 ne11= 10 ne12= 100 n_used= 10 ne02= 512 | J= 16 nthreads=128 | src1 need= 17 pad= 0 SHORT | ids_dst n= 1000 need= 15 pad= 0 SHORT 
j100_b0	none	guard_ids_dst	3	0	1	134	MMQ_ID q4_0 fb=0 ne11= 10 ne12= 100 n_used= 10 ne02= 512 | J= 16 nthreads=128 | src1 need= 17 pad= 0 SHORT | ids_dst n= 1000 need= 15 pad= 0 SHORT 
j100_b0	none	guard_src1	1	0	1	134	MMQ_ID q4_0 fb=0 ne11= 10 ne12= 100 n_used= 10 ne02= 512 | J= 16 nthreads=128 | src1 need= 17 pad= 0 SHORT | ids_dst n= 1000 need= 15 pad= 0 SHORT 
j100_b0	none	guard_src1	2	0	1	134	MMQ_ID q4_0 fb=0 ne11= 10 ne12= 100 n_used= 10 ne02= 512 | J= 16 nthreads=128 | src1 need= 17 pad= 0 SHORT | ids_dst n= 1000 need= 15 pad= 0 SHORT 
j100_b0	none	guard_src1	3	0	1	134	MMQ_ID q4_0 fb=0 ne11= 10 ne12= 100 n_used= 10 ne02= 512 | J= 16 nthreads=128 | src1 need= 17 pad= 0 SHORT | ids_dst n= 1000 need= 15 pad= 0 SHORT 
j100_b0	main	stock	1	1	0	0	
j100_b0	main	stock	2	1	0	0	
j100_b0	main	stock	3	1	0	0	
j100_b0	main	guard_ids_dst	1	0	1	134	MMQ_ID q4_0 fb=0 ne11= 10 ne12= 100 n_used= 10 ne02= 512 | J= 16 nthreads=128 | src1 need= 17 pad=128 covered | ids_dst n= 1000 need= 15 pad= 0 SHORT 
j100_b0	main	guard_ids_dst	2	0	1	134	MMQ_ID q4_0 fb=0 ne11= 10 ne12= 100 n_used= 10 ne02= 512 | J= 16 nthreads=128 | src1 need= 17 pad=128 covered | ids_dst n= 1000 need= 15 pad= 0 SHORT 
j100_b0	main	guard_ids_dst	3	0	1	134	MMQ_ID q4_0 fb=0 ne11= 10 ne12= 100 n_used= 10 ne02= 512 | J= 16 nthreads=128 | src1 need= 17 pad=128 covered | ids_dst n= 1000 need= 15 pad= 0 SHORT 
j100_b0	main	guard_src1	1	1	0	0	MMQ_ID q4_0 fb=0 ne11= 10 ne12= 100 n_used= 10 ne02= 512 | J= 16 nthreads=128 | src1 need= 17 pad=128 covered | ids_dst n= 1000 need= 15 pad= 0 SHORT 
j100_b0	main	guard_src1	2	1	0	0	MMQ_ID q4_0 fb=0 ne11= 10 ne12= 100 n_used= 10 ne02= 512 | J= 16 nthreads=128 | src1 need= 17 pad=128 covered | ids_dst n= 1000 need= 15 pad= 0 SHORT 
j100_b0	main	guard_src1	3	1	0	0	MMQ_ID q4_0 fb=0 ne11= 10 ne12= 100 n_used= 10 ne02= 512 | J= 16 nthreads=128 | src1 need= 17 pad=128 covered | ids_dst n= 1000 need= 15 pad= 0 SHORT 
j100_b0	widest	stock	1	1	0	0	
j100_b0	widest	stock	2	1	0	0	
j100_b0	widest	stock	3	1	0	0	
j100_b0	widest	guard_ids_dst	1	1	0	0	MMQ_ID q4_0 fb=0 ne11= 10 ne12= 100 n_used= 10 ne02= 512 | J= 16 nthreads=128 | src1 need= 17 pad=128 covered | ids_dst n= 1000 need= 15 pad=128 covered
j100_b0	widest	guard_ids_dst	2	1	0	0	MMQ_ID q4_0 fb=0 ne11= 10 ne12= 100 n_used= 10 ne02= 512 | J= 16 nthreads=128 | src1 need= 17 pad=128 covered | ids_dst n= 1000 need= 15 pad=128 covered
j100_b0	widest	guard_ids_dst	3	1	0	0	MMQ_ID q4_0 fb=0 ne11= 10 ne12= 100 n_used= 10 ne02= 512 | J= 16 nthreads=128 | src1 need= 17 pad=128 covered | ids_dst n= 1000 need= 15 pad=128 covered
j100_b0	widest	guard_src1	1	1	0	0	MMQ_ID q4_0 fb=0 ne11= 10 ne12= 100 n_used= 10 ne02= 512 | J= 16 nthreads=128 | src1 need= 17 pad=128 covered | ids_dst n= 1000 need= 15 pad=128 covered
j100_b0	widest	guard_src1	2	1	0	0	MMQ_ID q4_0 fb=0 ne11= 10 ne12= 100 n_used= 10 ne02= 512 | J= 16 nthreads=128 | src1 need= 17 pad=128 covered | ids_dst n= 1000 need= 15 pad=128 covered
j100_b0	widest	guard_src1	3	1	0	0	MMQ_ID q4_0 fb=0 ne11= 10 ne12= 100 n_used= 10 ne02= 512 | J= 16 nthreads=128 | src1 need= 17 pad=128 covered | ids_dst n= 1000 need= 15 pad=128 covered
j100_b0	amended	stock	1	1	0	0	
j100_b0	amended	stock	2	1	0	0	
j100_b0	amended	stock	3	1	0	0	
j100_b0	amended	guard_ids_dst	1	1	0	0	MMQ_ID q4_0 fb=0 ne11= 10 ne12= 100 n_used= 10 ne02= 512 | J= 16 nthreads=128 | src1 need= 17 pad=128 covered | ids_dst n= 1000 need= 15 pad=128 covered
j100_b0	amended	guard_ids_dst	2	1	0	0	MMQ_ID q4_0 fb=0 ne11= 10 ne12= 100 n_used= 10 ne02= 512 | J= 16 nthreads=128 | src1 need= 17 pad=128 covered | ids_dst n= 1000 need= 15 pad=128 covered
j100_b0	amended	guard_ids_dst	3	1	0	0	MMQ_ID q4_0 fb=0 ne11= 10 ne12= 100 n_used= 10 ne02= 512 | J= 16 nthreads=128 | src1 need= 17 pad=128 covered | ids_dst n= 1000 need= 15 pad=128 covered
j100_b0	amended	guard_src1	1	1	0	0	MMQ_ID q4_0 fb=0 ne11= 10 ne12= 100 n_used= 10 ne02= 512 | J= 16 nthreads=128 | src1 need= 17 pad=128 covered | ids_dst n= 1000 need= 15 pad=128 covered
j100_b0	amended	guard_src1	2	1	0	0	MMQ_ID q4_0 fb=0 ne11= 10 ne12= 100 n_used= 10 ne02= 512 | J= 16 nthreads=128 | src1 need= 17 pad=128 covered | ids_dst n= 1000 need= 15 pad=128 covered
j100_b0	amended	guard_src1	3	1	0	0	MMQ_ID q4_0 fb=0 ne11= 10 ne12= 100 n_used= 10 ne02= 512 | J= 16 nthreads=128 | src1 need= 17 pad=128 covered | ids_dst n= 1000 need= 15 pad=128 covered
j100_b1	none	stock	1	1	0	0	
j100_b1	none	stock	2	1	0	0	
j100_b1	none	stock	3	1	0	0	
j100_b1	none	guard_ids_dst	1	0	1	134	MMQ_ID q4_0 fb=0 ne11= 1 ne12= 100 n_used= 10 ne02= 512 | J= 16 nthreads=128 | src1 need= 17 pad= 0 SHORT | ids_dst n= 1000 need= 15 pad= 0 SHORT 
j100_b1	none	guard_ids_dst	2	0	1	134	MMQ_ID q4_0 fb=0 ne11= 1 ne12= 100 n_used= 10 ne02= 512 | J= 16 nthreads=128 | src1 need= 17 pad= 0 SHORT | ids_dst n= 1000 need= 15 pad= 0 SHORT 
j100_b1	none	guard_ids_dst	3	0	1	134	MMQ_ID q4_0 fb=0 ne11= 1 ne12= 100 n_used= 10 ne02= 512 | J= 16 nthreads=128 | src1 need= 17 pad= 0 SHORT | ids_dst n= 1000 need= 15 pad= 0 SHORT 
j100_b1	none	guard_src1	1	0	1	134	MMQ_ID q4_0 fb=0 ne11= 1 ne12= 100 n_used= 10 ne02= 512 | J= 16 nthreads=128 | src1 need= 17 pad= 0 SHORT | ids_dst n= 1000 need= 15 pad= 0 SHORT 
j100_b1	none	guard_src1	2	0	1	134	MMQ_ID q4_0 fb=0 ne11= 1 ne12= 100 n_used= 10 ne02= 512 | J= 16 nthreads=128 | src1 need= 17 pad= 0 SHORT | ids_dst n= 1000 need= 15 pad= 0 SHORT 
j100_b1	none	guard_src1	3	0	1	134	MMQ_ID q4_0 fb=0 ne11= 1 ne12= 100 n_used= 10 ne02= 512 | J= 16 nthreads=128 | src1 need= 17 pad= 0 SHORT | ids_dst n= 1000 need= 15 pad= 0 SHORT 
j100_b1	main	stock	1	1	0	0	
j100_b1	main	stock	2	1	0	0	
j100_b1	main	stock	3	1	0	0	
j100_b1	main	guard_ids_dst	1	0	1	134	MMQ_ID q4_0 fb=0 ne11= 1 ne12= 100 n_used= 10 ne02= 512 | J= 16 nthreads=128 | src1 need= 17 pad=128 covered | ids_dst n= 1000 need= 15 pad= 0 SHORT 
j100_b1	main	guard_ids_dst	2	0	1	134	MMQ_ID q4_0 fb=0 ne11= 1 ne12= 100 n_used= 10 ne02= 512 | J= 16 nthreads=128 | src1 need= 17 pad=128 covered | ids_dst n= 1000 need= 15 pad= 0 SHORT 
j100_b1	main	guard_ids_dst	3	0	1	134	MMQ_ID q4_0 fb=0 ne11= 1 ne12= 100 n_used= 10 ne02= 512 | J= 16 nthreads=128 | src1 need= 17 pad=128 covered | ids_dst n= 1000 need= 15 pad= 0 SHORT 
j100_b1	main	guard_src1	1	1	0	0	MMQ_ID q4_0 fb=0 ne11= 1 ne12= 100 n_used= 10 ne02= 512 | J= 16 nthreads=128 | src1 need= 17 pad=128 covered | ids_dst n= 1000 need= 15 pad= 0 SHORT 
j100_b1	main	guard_src1	2	1	0	0	MMQ_ID q4_0 fb=0 ne11= 1 ne12= 100 n_used= 10 ne02= 512 | J= 16 nthreads=128 | src1 need= 17 pad=128 covered | ids_dst n= 1000 need= 15 pad= 0 SHORT 
j100_b1	main	guard_src1	3	1	0	0	MMQ_ID q4_0 fb=0 ne11= 1 ne12= 100 n_used= 10 ne02= 512 | J= 16 nthreads=128 | src1 need= 17 pad=128 covered | ids_dst n= 1000 need= 15 pad= 0 SHORT 
j100_b1	widest	stock	1	1	0	0	
j100_b1	widest	stock	2	1	0	0	
j100_b1	widest	stock	3	1	0	0	
j100_b1	widest	guard_ids_dst	1	1	0	0	MMQ_ID q4_0 fb=0 ne11= 1 ne12= 100 n_used= 10 ne02= 512 | J= 16 nthreads=128 | src1 need= 17 pad=128 covered | ids_dst n= 1000 need= 15 pad=128 covered
j100_b1	widest	guard_ids_dst	2	1	0	0	MMQ_ID q4_0 fb=0 ne11= 1 ne12= 100 n_used= 10 ne02= 512 | J= 16 nthreads=128 | src1 need= 17 pad=128 covered | ids_dst n= 1000 need= 15 pad=128 covered
j100_b1	widest	guard_ids_dst	3	1	0	0	MMQ_ID q4_0 fb=0 ne11= 1 ne12= 100 n_used= 10 ne02= 512 | J= 16 nthreads=128 | src1 need= 17 pad=128 covered | ids_dst n= 1000 need= 15 pad=128 covered
j100_b1	widest	guard_src1	1	1	0	0	MMQ_ID q4_0 fb=0 ne11= 1 ne12= 100 n_used= 10 ne02= 512 | J= 16 nthreads=128 | src1 need= 17 pad=128 covered | ids_dst n= 1000 need= 15 pad=128 covered
j100_b1	widest	guard_src1	2	1	0	0	MMQ_ID q4_0 fb=0 ne11= 1 ne12= 100 n_used= 10 ne02= 512 | J= 16 nthreads=128 | src1 need= 17 pad=128 covered | ids_dst n= 1000 need= 15 pad=128 covered
j100_b1	widest	guard_src1	3	1	0	0	MMQ_ID q4_0 fb=0 ne11= 1 ne12= 100 n_used= 10 ne02= 512 | J= 16 nthreads=128 | src1 need= 17 pad=128 covered | ids_dst n= 1000 need= 15 pad=128 covered
j100_b1	amended	stock	1	1	0	0	
j100_b1	amended	stock	2	1	0	0	
j100_b1	amended	stock	3	1	0	0	
j100_b1	amended	guard_ids_dst	1	1	0	0	MMQ_ID q4_0 fb=0 ne11= 1 ne12= 100 n_used= 10 ne02= 512 | J= 16 nthreads=128 | src1 need= 17 pad=128 covered | ids_dst n= 1000 need= 15 pad=128 covered
j100_b1	amended	guard_ids_dst	2	1	0	0	MMQ_ID q4_0 fb=0 ne11= 1 ne12= 100 n_used= 10 ne02= 512 | J= 16 nthreads=128 | src1 need= 17 pad=128 covered | ids_dst n= 1000 need= 15 pad=128 covered
j100_b1	amended	guard_ids_dst	3	1	0	0	MMQ_ID q4_0 fb=0 ne11= 1 ne12= 100 n_used= 10 ne02= 512 | J= 16 nthreads=128 | src1 need= 17 pad=128 covered | ids_dst n= 1000 need= 15 pad=128 covered
j100_b1	amended	guard_src1	1	1	0	0	MMQ_ID q4_0 fb=0 ne11= 1 ne12= 100 n_used= 10 ne02= 512 | J= 16 nthreads=128 | src1 need= 17 pad=128 covered | ids_dst n= 1000 need= 15 pad=128 covered
j100_b1	amended	guard_src1	2	1	0	0	MMQ_ID q4_0 fb=0 ne11= 1 ne12= 100 n_used= 10 ne02= 512 | J= 16 nthreads=128 | src1 need= 17 pad=128 covered | ids_dst n= 1000 need= 15 pad=128 covered
j100_b1	amended	guard_src1	3	1	0	0	MMQ_ID q4_0 fb=0 ne11= 1 ne12= 100 n_used= 10 ne02= 512 | J= 16 nthreads=128 | src1 need= 17 pad=128 covered | ids_dst n= 1000 need= 15 pad=128 covered
e120_b0	none	stock	1	1	0	0	
e120_b0	none	stock	2	1	0	0	
e120_b0	none	stock	3	1	0	0	
e120_b0	none	guard_ids_dst	1	0	1	134	MMQ_ID q4_K fb=1 ne11= 10 ne12= 120 n_used= 10 ne02= 256 | J= 16 nthreads=128 | src1 need= 17 pad= 0 SHORT | ids_dst n= 1200 need= 15 pad= 0 SHORT 
e120_b0	none	guard_ids_dst	2	0	1	134	MMQ_ID q4_K fb=1 ne11= 10 ne12= 120 n_used= 10 ne02= 256 | J= 16 nthreads=128 | src1 need= 17 pad= 0 SHORT | ids_dst n= 1200 need= 15 pad= 0 SHORT 
e120_b0	none	guard_ids_dst	3	0	1	134	MMQ_ID q4_K fb=1 ne11= 10 ne12= 120 n_used= 10 ne02= 256 | J= 16 nthreads=128 | src1 need= 17 pad= 0 SHORT | ids_dst n= 1200 need= 15 pad= 0 SHORT 
e120_b0	none	guard_src1	1	0	1	134	MMQ_ID q4_K fb=1 ne11= 10 ne12= 120 n_used= 10 ne02= 256 | J= 16 nthreads=128 | src1 need= 17 pad= 0 SHORT | ids_dst n= 1200 need= 15 pad= 0 SHORT 
e120_b0	none	guard_src1	2	0	1	134	MMQ_ID q4_K fb=1 ne11= 10 ne12= 120 n_used= 10 ne02= 256 | J= 16 nthreads=128 | src1 need= 17 pad= 0 SHORT | ids_dst n= 1200 need= 15 pad= 0 SHORT 
e120_b0	none	guard_src1	3	0	1	134	MMQ_ID q4_K fb=1 ne11= 10 ne12= 120 n_used= 10 ne02= 256 | J= 16 nthreads=128 | src1 need= 17 pad= 0 SHORT | ids_dst n= 1200 need= 15 pad= 0 SHORT 
e120_b0	main	stock	1	1	0	0	
e120_b0	main	stock	2	1	0	0	
e120_b0	main	stock	3	1	0	0	
e120_b0	main	guard_ids_dst	1	0	1	134	MMQ_ID q4_K fb=1 ne11= 10 ne12= 120 n_used= 10 ne02= 256 | J= 16 nthreads=128 | src1 need= 17 pad=128 covered | ids_dst n= 1200 need= 15 pad= 0 SHORT 
e120_b0	main	guard_ids_dst	2	0	1	134	MMQ_ID q4_K fb=1 ne11= 10 ne12= 120 n_used= 10 ne02= 256 | J= 16 nthreads=128 | src1 need= 17 pad=128 covered | ids_dst n= 1200 need= 15 pad= 0 SHORT 
e120_b0	main	guard_ids_dst	3	0	1	134	MMQ_ID q4_K fb=1 ne11= 10 ne12= 120 n_used= 10 ne02= 256 | J= 16 nthreads=128 | src1 need= 17 pad=128 covered | ids_dst n= 1200 need= 15 pad= 0 SHORT 
e120_b0	main	guard_src1	1	1	0	0	MMQ_ID q4_K fb=1 ne11= 10 ne12= 120 n_used= 10 ne02= 256 | J= 16 nthreads=128 | src1 need= 17 pad=128 covered | ids_dst n= 1200 need= 15 pad= 0 SHORT 
e120_b0	main	guard_src1	2	1	0	0	MMQ_ID q4_K fb=1 ne11= 10 ne12= 120 n_used= 10 ne02= 256 | J= 16 nthreads=128 | src1 need= 17 pad=128 covered | ids_dst n= 1200 need= 15 pad= 0 SHORT 
e120_b0	main	guard_src1	3	1	0	0	MMQ_ID q4_K fb=1 ne11= 10 ne12= 120 n_used= 10 ne02= 256 | J= 16 nthreads=128 | src1 need= 17 pad=128 covered | ids_dst n= 1200 need= 15 pad= 0 SHORT 
e120_b0	widest	stock	1	1	0	0	
e120_b0	widest	stock	2	1	0	0	
e120_b0	widest	stock	3	1	0	0	
e120_b0	widest	guard_ids_dst	1	1	0	0	MMQ_ID q4_K fb=1 ne11= 10 ne12= 120 n_used= 10 ne02= 256 | J= 16 nthreads=128 | src1 need= 17 pad=128 covered | ids_dst n= 1200 need= 15 pad=128 covered
e120_b0	widest	guard_ids_dst	2	1	0	0	MMQ_ID q4_K fb=1 ne11= 10 ne12= 120 n_used= 10 ne02= 256 | J= 16 nthreads=128 | src1 need= 17 pad=128 covered | ids_dst n= 1200 need= 15 pad=128 covered
e120_b0	widest	guard_ids_dst	3	1	0	0	MMQ_ID q4_K fb=1 ne11= 10 ne12= 120 n_used= 10 ne02= 256 | J= 16 nthreads=128 | src1 need= 17 pad=128 covered | ids_dst n= 1200 need= 15 pad=128 covered
e120_b0	widest	guard_src1	1	1	0	0	MMQ_ID q4_K fb=1 ne11= 10 ne12= 120 n_used= 10 ne02= 256 | J= 16 nthreads=128 | src1 need= 17 pad=128 covered | ids_dst n= 1200 need= 15 pad=128 covered
e120_b0	widest	guard_src1	2	1	0	0	MMQ_ID q4_K fb=1 ne11= 10 ne12= 120 n_used= 10 ne02= 256 | J= 16 nthreads=128 | src1 need= 17 pad=128 covered | ids_dst n= 1200 need= 15 pad=128 covered
e120_b0	widest	guard_src1	3	1	0	0	MMQ_ID q4_K fb=1 ne11= 10 ne12= 120 n_used= 10 ne02= 256 | J= 16 nthreads=128 | src1 need= 17 pad=128 covered | ids_dst n= 1200 need= 15 pad=128 covered
e120_b0	amended	stock	1	1	0	0	
e120_b0	amended	stock	2	1	0	0	
e120_b0	amended	stock	3	1	0	0	
e120_b0	amended	guard_ids_dst	1	1	0	0	MMQ_ID q4_K fb=1 ne11= 10 ne12= 120 n_used= 10 ne02= 256 | J= 16 nthreads=128 | src1 need= 17 pad=128 covered | ids_dst n= 1200 need= 15 pad=128 covered
e120_b0	amended	guard_ids_dst	2	1	0	0	MMQ_ID q4_K fb=1 ne11= 10 ne12= 120 n_used= 10 ne02= 256 | J= 16 nthreads=128 | src1 need= 17 pad=128 covered | ids_dst n= 1200 need= 15 pad=128 covered
e120_b0	amended	guard_ids_dst	3	1	0	0	MMQ_ID q4_K fb=1 ne11= 10 ne12= 120 n_used= 10 ne02= 256 | J= 16 nthreads=128 | src1 need= 17 pad=128 covered | ids_dst n= 1200 need= 15 pad=128 covered
e120_b0	amended	guard_src1	1	1	0	0	MMQ_ID q4_K fb=1 ne11= 10 ne12= 120 n_used= 10 ne02= 256 | J= 16 nthreads=128 | src1 need= 17 pad=128 covered | ids_dst n= 1200 need= 15 pad=128 covered
e120_b0	amended	guard_src1	2	1	0	0	MMQ_ID q4_K fb=1 ne11= 10 ne12= 120 n_used= 10 ne02= 256 | J= 16 nthreads=128 | src1 need= 17 pad=128 covered | ids_dst n= 1200 need= 15 pad=128 covered
e120_b0	amended	guard_src1	3	1	0	0	MMQ_ID q4_K fb=1 ne11= 10 ne12= 120 n_used= 10 ne02= 256 | J= 16 nthreads=128 | src1 need= 17 pad=128 covered | ids_dst n= 1200 need= 15 pad=128 covered
e120_b1	none	stock	1	1	0	0	
e120_b1	none	stock	2	1	0	0	
e120_b1	none	stock	3	1	0	0	
e120_b1	none	guard_ids_dst	1	0	1	134	MMQ_ID q4_K fb=1 ne11= 1 ne12= 120 n_used= 10 ne02= 256 | J= 16 nthreads=128 | src1 need= 17 pad= 0 SHORT | ids_dst n= 1200 need= 15 pad= 0 SHORT 
e120_b1	none	guard_ids_dst	2	0	1	134	MMQ_ID q4_K fb=1 ne11= 1 ne12= 120 n_used= 10 ne02= 256 | J= 16 nthreads=128 | src1 need= 17 pad= 0 SHORT | ids_dst n= 1200 need= 15 pad= 0 SHORT 
e120_b1	none	guard_ids_dst	3	0	1	134	MMQ_ID q4_K fb=1 ne11= 1 ne12= 120 n_used= 10 ne02= 256 | J= 16 nthreads=128 | src1 need= 17 pad= 0 SHORT | ids_dst n= 1200 need= 15 pad= 0 SHORT 
e120_b1	none	guard_src1	1	0	1	134	MMQ_ID q4_K fb=1 ne11= 1 ne12= 120 n_used= 10 ne02= 256 | J= 16 nthreads=128 | src1 need= 17 pad= 0 SHORT | ids_dst n= 1200 need= 15 pad= 0 SHORT 
e120_b1	none	guard_src1	2	0	1	134	MMQ_ID q4_K fb=1 ne11= 1 ne12= 120 n_used= 10 ne02= 256 | J= 16 nthreads=128 | src1 need= 17 pad= 0 SHORT | ids_dst n= 1200 need= 15 pad= 0 SHORT 
e120_b1	none	guard_src1	3	0	1	134	MMQ_ID q4_K fb=1 ne11= 1 ne12= 120 n_used= 10 ne02= 256 | J= 16 nthreads=128 | src1 need= 17 pad= 0 SHORT | ids_dst n= 1200 need= 15 pad= 0 SHORT 
e120_b1	main	stock	1	1	0	0	
e120_b1	main	stock	2	1	0	0	
e120_b1	main	stock	3	1	0	0	
e120_b1	main	guard_ids_dst	1	0	1	134	MMQ_ID q4_K fb=1 ne11= 1 ne12= 120 n_used= 10 ne02= 256 | J= 16 nthreads=128 | src1 need= 17 pad=128 covered | ids_dst n= 1200 need= 15 pad= 0 SHORT 
e120_b1	main	guard_ids_dst	2	0	1	134	MMQ_ID q4_K fb=1 ne11= 1 ne12= 120 n_used= 10 ne02= 256 | J= 16 nthreads=128 | src1 need= 17 pad=128 covered | ids_dst n= 1200 need= 15 pad= 0 SHORT 
e120_b1	main	guard_ids_dst	3	0	1	134	MMQ_ID q4_K fb=1 ne11= 1 ne12= 120 n_used= 10 ne02= 256 | J= 16 nthreads=128 | src1 need= 17 pad=128 covered | ids_dst n= 1200 need= 15 pad= 0 SHORT 
e120_b1	main	guard_src1	1	1	0	0	MMQ_ID q4_K fb=1 ne11= 1 ne12= 120 n_used= 10 ne02= 256 | J= 16 nthreads=128 | src1 need= 17 pad=128 covered | ids_dst n= 1200 need= 15 pad= 0 SHORT 
e120_b1	main	guard_src1	2	1	0	0	MMQ_ID q4_K fb=1 ne11= 1 ne12= 120 n_used= 10 ne02= 256 | J= 16 nthreads=128 | src1 need= 17 pad=128 covered | ids_dst n= 1200 need= 15 pad= 0 SHORT 
e120_b1	main	guard_src1	3	1	0	0	MMQ_ID q4_K fb=1 ne11= 1 ne12= 120 n_used= 10 ne02= 256 | J= 16 nthreads=128 | src1 need= 17 pad=128 covered | ids_dst n= 1200 need= 15 pad= 0 SHORT 
e120_b1	widest	stock	1	1	0	0	
e120_b1	widest	stock	2	1	0	0	
e120_b1	widest	stock	3	1	0	0	
e120_b1	widest	guard_ids_dst	1	1	0	0	MMQ_ID q4_K fb=1 ne11= 1 ne12= 120 n_used= 10 ne02= 256 | J= 16 nthreads=128 | src1 need= 17 pad=128 covered | ids_dst n= 1200 need= 15 pad=128 covered
e120_b1	widest	guard_ids_dst	2	1	0	0	MMQ_ID q4_K fb=1 ne11= 1 ne12= 120 n_used= 10 ne02= 256 | J= 16 nthreads=128 | src1 need= 17 pad=128 covered | ids_dst n= 1200 need= 15 pad=128 covered
e120_b1	widest	guard_ids_dst	3	1	0	0	MMQ_ID q4_K fb=1 ne11= 1 ne12= 120 n_used= 10 ne02= 256 | J= 16 nthreads=128 | src1 need= 17 pad=128 covered | ids_dst n= 1200 need= 15 pad=128 covered
e120_b1	widest	guard_src1	1	1	0	0	MMQ_ID q4_K fb=1 ne11= 1 ne12= 120 n_used= 10 ne02= 256 | J= 16 nthreads=128 | src1 need= 17 pad=128 covered | ids_dst n= 1200 need= 15 pad=128 covered
e120_b1	widest	guard_src1	2	1	0	0	MMQ_ID q4_K fb=1 ne11= 1 ne12= 120 n_used= 10 ne02= 256 | J= 16 nthreads=128 | src1 need= 17 pad=128 covered | ids_dst n= 1200 need= 15 pad=128 covered
e120_b1	widest	guard_src1	3	1	0	0	MMQ_ID q4_K fb=1 ne11= 1 ne12= 120 n_used= 10 ne02= 256 | J= 16 nthreads=128 | src1 need= 17 pad=128 covered | ids_dst n= 1200 need= 15 pad=128 covered
e120_b1	amended	stock	1	1	0	0	
e120_b1	amended	stock	2	1	0	0	
e120_b1	amended	stock	3	1	0	0	
e120_b1	amended	guard_ids_dst	1	1	0	0	MMQ_ID q4_K fb=1 ne11= 1 ne12= 120 n_used= 10 ne02= 256 | J= 16 nthreads=128 | src1 need= 17 pad=128 covered | ids_dst n= 1200 need= 15 pad=128 covered
e120_b1	amended	guard_ids_dst	2	1	0	0	MMQ_ID q4_K fb=1 ne11= 1 ne12= 120 n_used= 10 ne02= 256 | J= 16 nthreads=128 | src1 need= 17 pad=128 covered | ids_dst n= 1200 need= 15 pad=128 covered
e120_b1	amended	guard_ids_dst	3	1	0	0	MMQ_ID q4_K fb=1 ne11= 1 ne12= 120 n_used= 10 ne02= 256 | J= 16 nthreads=128 | src1 need= 17 pad=128 covered | ids_dst n= 1200 need= 15 pad=128 covered
e120_b1	amended	guard_src1	1	1	0	0	MMQ_ID q4_K fb=1 ne11= 1 ne12= 120 n_used= 10 ne02= 256 | J= 16 nthreads=128 | src1 need= 17 pad=128 covered | ids_dst n= 1200 need= 15 pad=128 covered
e120_b1	amended	guard_src1	2	1	0	0	MMQ_ID q4_K fb=1 ne11= 1 ne12= 120 n_used= 10 ne02= 256 | J= 16 nthreads=128 | src1 need= 17 pad=128 covered | ids_dst n= 1200 need= 15 pad=128 covered
e120_b1	amended	guard_src1	3	1	0	0	MMQ_ID q4_K fb=1 ne11= 1 ne12= 120 n_used= 10 ne02= 256 | J= 16 nthreads=128 | src1 need= 17 pad=128 covered | ids_dst n= 1200 need= 15 pad=128 covered
one113	none	stock	1	1	0	0	
one113	none	stock	2	1	0	0	
one113	none	stock	3	1	0	0	
one113	none	guard_ids_dst	1	0	1	134	MMQ_ID q4_K fb=1 ne11= 1 ne12= 113 n_used= 1 ne02= 64 | J= 16 nthreads=128 | src1 need= 17 pad= 0 SHORT | ids_dst n= 113 need= 15 pad= 0 SHORT 
one113	none	guard_ids_dst	2	0	1	134	MMQ_ID q4_K fb=1 ne11= 1 ne12= 113 n_used= 1 ne02= 64 | J= 16 nthreads=128 | src1 need= 17 pad= 0 SHORT | ids_dst n= 113 need= 15 pad= 0 SHORT 
one113	none	guard_ids_dst	3	0	1	134	MMQ_ID q4_K fb=1 ne11= 1 ne12= 113 n_used= 1 ne02= 64 | J= 16 nthreads=128 | src1 need= 17 pad= 0 SHORT | ids_dst n= 113 need= 15 pad= 0 SHORT 
one113	none	guard_src1	1	0	1	134	MMQ_ID q4_K fb=1 ne11= 1 ne12= 113 n_used= 1 ne02= 64 | J= 16 nthreads=128 | src1 need= 17 pad= 0 SHORT | ids_dst n= 113 need= 15 pad= 0 SHORT 
one113	none	guard_src1	2	0	1	134	MMQ_ID q4_K fb=1 ne11= 1 ne12= 113 n_used= 1 ne02= 64 | J= 16 nthreads=128 | src1 need= 17 pad= 0 SHORT | ids_dst n= 113 need= 15 pad= 0 SHORT 
one113	none	guard_src1	3	0	1	134	MMQ_ID q4_K fb=1 ne11= 1 ne12= 113 n_used= 1 ne02= 64 | J= 16 nthreads=128 | src1 need= 17 pad= 0 SHORT | ids_dst n= 113 need= 15 pad= 0 SHORT 
one113	main	stock	1	1	0	0	
one113	main	stock	2	1	0	0	
one113	main	stock	3	1	0	0	
one113	main	guard_ids_dst	1	0	1	134	MMQ_ID q4_K fb=1 ne11= 1 ne12= 113 n_used= 1 ne02= 64 | J= 16 nthreads=128 | src1 need= 17 pad= 64 covered | ids_dst n= 113 need= 15 pad= 0 SHORT 
one113	main	guard_ids_dst	2	0	1	134	MMQ_ID q4_K fb=1 ne11= 1 ne12= 113 n_used= 1 ne02= 64 | J= 16 nthreads=128 | src1 need= 17 pad= 64 covered | ids_dst n= 113 need= 15 pad= 0 SHORT 
one113	main	guard_ids_dst	3	0	1	134	MMQ_ID q4_K fb=1 ne11= 1 ne12= 113 n_used= 1 ne02= 64 | J= 16 nthreads=128 | src1 need= 17 pad= 64 covered | ids_dst n= 113 need= 15 pad= 0 SHORT 
one113	main	guard_src1	1	1	0	0	MMQ_ID q4_K fb=1 ne11= 1 ne12= 113 n_used= 1 ne02= 64 | J= 16 nthreads=128 | src1 need= 17 pad= 64 covered | ids_dst n= 113 need= 15 pad= 0 SHORT 
one113	main	guard_src1	2	1	0	0	MMQ_ID q4_K fb=1 ne11= 1 ne12= 113 n_used= 1 ne02= 64 | J= 16 nthreads=128 | src1 need= 17 pad= 64 covered | ids_dst n= 113 need= 15 pad= 0 SHORT 
one113	main	guard_src1	3	1	0	0	MMQ_ID q4_K fb=1 ne11= 1 ne12= 113 n_used= 1 ne02= 64 | J= 16 nthreads=128 | src1 need= 17 pad= 64 covered | ids_dst n= 113 need= 15 pad= 0 SHORT 
one113	widest	stock	1	1	0	0	
one113	widest	stock	2	1	0	0	
one113	widest	stock	3	1	0	0	
one113	widest	guard_ids_dst	1	1	0	0	MMQ_ID q4_K fb=1 ne11= 1 ne12= 113 n_used= 1 ne02= 64 | J= 16 nthreads=128 | src1 need= 17 pad=128 covered | ids_dst n= 113 need= 15 pad=128 covered
one113	widest	guard_ids_dst	2	1	0	0	MMQ_ID q4_K fb=1 ne11= 1 ne12= 113 n_used= 1 ne02= 64 | J= 16 nthreads=128 | src1 need= 17 pad=128 covered | ids_dst n= 113 need= 15 pad=128 covered
one113	widest	guard_ids_dst	3	1	0	0	MMQ_ID q4_K fb=1 ne11= 1 ne12= 113 n_used= 1 ne02= 64 | J= 16 nthreads=128 | src1 need= 17 pad=128 covered | ids_dst n= 113 need= 15 pad=128 covered
one113	widest	guard_src1	1	1	0	0	MMQ_ID q4_K fb=1 ne11= 1 ne12= 113 n_used= 1 ne02= 64 | J= 16 nthreads=128 | src1 need= 17 pad=128 covered | ids_dst n= 113 need= 15 pad=128 covered
one113	widest	guard_src1	2	1	0	0	MMQ_ID q4_K fb=1 ne11= 1 ne12= 113 n_used= 1 ne02= 64 | J= 16 nthreads=128 | src1 need= 17 pad=128 covered | ids_dst n= 113 need= 15 pad=128 covered
one113	widest	guard_src1	3	1	0	0	MMQ_ID q4_K fb=1 ne11= 1 ne12= 113 n_used= 1 ne02= 64 | J= 16 nthreads=128 | src1 need= 17 pad=128 covered | ids_dst n= 113 need= 15 pad=128 covered
one113	amended	stock	1	1	0	0	
one113	amended	stock	2	1	0	0	
one113	amended	stock	3	1	0	0	
one113	amended	guard_ids_dst	1	1	0	0	MMQ_ID q4_K fb=1 ne11= 1 ne12= 113 n_used= 1 ne02= 64 | J= 16 nthreads=128 | src1 need= 17 pad=128 covered | ids_dst n= 113 need= 15 pad=128 covered
one113	amended	guard_ids_dst	2	1	0	0	MMQ_ID q4_K fb=1 ne11= 1 ne12= 113 n_used= 1 ne02= 64 | J= 16 nthreads=128 | src1 need= 17 pad=128 covered | ids_dst n= 113 need= 15 pad=128 covered
one113	amended	guard_ids_dst	3	1	0	0	MMQ_ID q4_K fb=1 ne11= 1 ne12= 113 n_used= 1 ne02= 64 | J= 16 nthreads=128 | src1 need= 17 pad=128 covered | ids_dst n= 113 need= 15 pad=128 covered
one113	amended	guard_src1	1	1	0	0	MMQ_ID q4_K fb=1 ne11= 1 ne12= 113 n_used= 1 ne02= 64 | J= 16 nthreads=128 | src1 need= 17 pad=128 covered | ids_dst n= 113 need= 15 pad=128 covered
one113	amended	guard_src1	2	1	0	0	MMQ_ID q4_K fb=1 ne11= 1 ne12= 113 n_used= 1 ne02= 64 | J= 16 nthreads=128 | src1 need= 17 pad=128 covered | ids_dst n= 113 need= 15 pad=128 covered
one113	amended	guard_src1	3	1	0	0	MMQ_ID q4_K fb=1 ne11= 1 ne12= 113 n_used= 1 ne02= 64 | J= 16 nthreads=128 | src1 need= 17 pad=128 covered | ids_dst n= 113 need= 15 pad=128 covered
orig2040	none	stock	1	1	0	0	
orig2040	none	stock	2	1	0	0	
orig2040	none	stock	3	1	0	0	
orig2040	none	guard_ids_dst	1	0	1	134	MMQ_ID q4_K fb=0 ne11= 1 ne12= 2040 n_used= 8 ne02= 256 | J= 64 nthreads=256 | src1 need= 63 pad= 0 SHORT | ids_dst n= 16320 need= 63 pad= 0 SHORT 
orig2040	none	guard_ids_dst	2	0	1	134	MMQ_ID q4_K fb=0 ne11= 1 ne12= 2040 n_used= 8 ne02= 256 | J= 64 nthreads=256 | src1 need= 63 pad= 0 SHORT | ids_dst n= 16320 need= 63 pad= 0 SHORT 
orig2040	none	guard_ids_dst	3	0	1	134	MMQ_ID q4_K fb=0 ne11= 1 ne12= 2040 n_used= 8 ne02= 256 | J= 64 nthreads=256 | src1 need= 63 pad= 0 SHORT | ids_dst n= 16320 need= 63 pad= 0 SHORT 
orig2040	none	guard_src1	1	0	1	134	MMQ_ID q4_K fb=0 ne11= 1 ne12= 2040 n_used= 8 ne02= 256 | J= 64 nthreads=256 | src1 need= 63 pad= 0 SHORT | ids_dst n= 16320 need= 63 pad= 0 SHORT 
orig2040	none	guard_src1	2	0	1	134	MMQ_ID q4_K fb=0 ne11= 1 ne12= 2040 n_used= 8 ne02= 256 | J= 64 nthreads=256 | src1 need= 63 pad= 0 SHORT | ids_dst n= 16320 need= 63 pad= 0 SHORT 
orig2040	none	guard_src1	3	1	0	0	MMQ_ID q4_K fb=0 ne11= 1 ne12= 2040 n_used= 8 ne02= 256 | J= 64 nthreads=256 | src1 need= 63 pad= 0 SHORT | ids_dst n= 16320 need= 63 pad= 0 SHORT 
orig2040	main	stock	1	1	0	0	
orig2040	main	stock	2	1	0	0	
orig2040	main	stock	3	1	0	0	
orig2040	main	guard_ids_dst	1	0	1	134	MMQ_ID q4_K fb=0 ne11= 1 ne12= 2040 n_used= 8 ne02= 256 | J= 64 nthreads=256 | src1 need= 63 pad=128 covered | ids_dst n= 16320 need= 63 pad= 0 SHORT 
orig2040	main	guard_ids_dst	2	0	1	134	MMQ_ID q4_K fb=0 ne11= 1 ne12= 2040 n_used= 8 ne02= 256 | J= 64 nthreads=256 | src1 need= 63 pad=128 covered | ids_dst n= 16320 need= 63 pad= 0 SHORT 
orig2040	main	guard_ids_dst	3	0	1	134	MMQ_ID q4_K fb=0 ne11= 1 ne12= 2040 n_used= 8 ne02= 256 | J= 64 nthreads=256 | src1 need= 63 pad=128 covered | ids_dst n= 16320 need= 63 pad= 0 SHORT 
orig2040	main	guard_src1	1	1	0	0	MMQ_ID q4_K fb=0 ne11= 1 ne12= 2040 n_used= 8 ne02= 256 | J= 64 nthreads=256 | src1 need= 63 pad=128 covered | ids_dst n= 16320 need= 63 pad= 0 SHORT 
orig2040	main	guard_src1	2	1	0	0	MMQ_ID q4_K fb=0 ne11= 1 ne12= 2040 n_used= 8 ne02= 256 | J= 64 nthreads=256 | src1 need= 63 pad=128 covered | ids_dst n= 16320 need= 63 pad= 0 SHORT 
orig2040	main	guard_src1	3	1	0	0	MMQ_ID q4_K fb=0 ne11= 1 ne12= 2040 n_used= 8 ne02= 256 | J= 64 nthreads=256 | src1 need= 63 pad=128 covered | ids_dst n= 16320 need= 63 pad= 0 SHORT 
orig2040	widest	stock	1	1	0	0	
orig2040	widest	stock	2	1	0	0	
orig2040	widest	stock	3	1	0	0	
orig2040	widest	guard_ids_dst	1	1	0	0	MMQ_ID q4_K fb=0 ne11= 1 ne12= 2040 n_used= 8 ne02= 256 | J= 64 nthreads=256 | src1 need= 63 pad=128 covered | ids_dst n= 16320 need= 63 pad=128 covered
orig2040	widest	guard_ids_dst	2	1	0	0	MMQ_ID q4_K fb=0 ne11= 1 ne12= 2040 n_used= 8 ne02= 256 | J= 64 nthreads=256 | src1 need= 63 pad=128 covered | ids_dst n= 16320 need= 63 pad=128 covered
orig2040	widest	guard_ids_dst	3	1	0	0	MMQ_ID q4_K fb=0 ne11= 1 ne12= 2040 n_used= 8 ne02= 256 | J= 64 nthreads=256 | src1 need= 63 pad=128 covered | ids_dst n= 16320 need= 63 pad=128 covered
orig2040	widest	guard_src1	1	1	0	0	MMQ_ID q4_K fb=0 ne11= 1 ne12= 2040 n_used= 8 ne02= 256 | J= 64 nthreads=256 | src1 need= 63 pad=128 covered | ids_dst n= 16320 need= 63 pad=128 covered
orig2040	widest	guard_src1	2	1	0	0	MMQ_ID q4_K fb=0 ne11= 1 ne12= 2040 n_used= 8 ne02= 256 | J= 64 nthreads=256 | src1 need= 63 pad=128 covered | ids_dst n= 16320 need= 63 pad=128 covered
orig2040	widest	guard_src1	3	1	0	0	MMQ_ID q4_K fb=0 ne11= 1 ne12= 2040 n_used= 8 ne02= 256 | J= 64 nthreads=256 | src1 need= 63 pad=128 covered | ids_dst n= 16320 need= 63 pad=128 covered
orig2040	amended	stock	1	1	0	0	
orig2040	amended	stock	2	1	0	0	
orig2040	amended	stock	3	1	0	0	
orig2040	amended	guard_ids_dst	1	1	0	0	MMQ_ID q4_K fb=0 ne11= 1 ne12= 2040 n_used= 8 ne02= 256 | J= 64 nthreads=256 | src1 need= 63 pad=128 covered | ids_dst n= 16320 need= 63 pad=128 covered
orig2040	amended	guard_ids_dst	2	1	0	0	MMQ_ID q4_K fb=0 ne11= 1 ne12= 2040 n_used= 8 ne02= 256 | J= 64 nthreads=256 | src1 need= 63 pad=128 covered | ids_dst n= 16320 need= 63 pad=128 covered
orig2040	amended	guard_ids_dst	3	1	0	0	MMQ_ID q4_K fb=0 ne11= 1 ne12= 2040 n_used= 8 ne02= 256 | J= 64 nthreads=256 | src1 need= 63 pad=128 covered | ids_dst n= 16320 need= 63 pad=128 covered
orig2040	amended	guard_src1	1	1	0	0	MMQ_ID q4_K fb=0 ne11= 1 ne12= 2040 n_used= 8 ne02= 256 | J= 64 nthreads=256 | src1 need= 63 pad=128 covered | ids_dst n= 16320 need= 63 pad=128 covered
orig2040	amended	guard_src1	2	1	0	0	MMQ_ID q4_K fb=0 ne11= 1 ne12= 2040 n_used= 8 ne02= 256 | J= 64 nthreads=256 | src1 need= 63 pad=128 covered | ids_dst n= 16320 need= 63 pad=128 covered
orig2040	amended	guard_src1	3	1	0	0	MMQ_ID q4_K fb=0 ne11= 1 ne12= 2040 n_used= 8 ne02= 256 | J= 64 nthreads=256 | src1 need= 63 pad=128 covered | ids_dst n= 16320 need= 63 pad=128 covered
fb65	none	stock	1	1	0	0	
fb65	none	stock	2	1	0	0	
fb65	none	stock	3	1	0	0	
fb65	none	guard_ids_dst	1	0	1	134	MMQ_ID q4_K fb=1 ne11= 1 ne12= 65 n_used= 8 ne02= 256 | J= 16 nthreads=128 | src1 need= 17 pad= 0 SHORT | ids_dst n= 520 need= 15 pad= 0 SHORT 
fb65	none	guard_ids_dst	2	0	1	134	MMQ_ID q4_K fb=1 ne11= 1 ne12= 65 n_used= 8 ne02= 256 | J= 16 nthreads=128 | src1 need= 17 pad= 0 SHORT | ids_dst n= 520 need= 15 pad= 0 SHORT 
fb65	none	guard_ids_dst	3	0	1	134	MMQ_ID q4_K fb=1 ne11= 1 ne12= 65 n_used= 8 ne02= 256 | J= 16 nthreads=128 | src1 need= 17 pad= 0 SHORT | ids_dst n= 520 need= 15 pad= 0 SHORT 
fb65	none	guard_src1	1	0	1	134	MMQ_ID q4_K fb=1 ne11= 1 ne12= 65 n_used= 8 ne02= 256 | J= 16 nthreads=128 | src1 need= 17 pad= 0 SHORT | ids_dst n= 520 need= 15 pad= 0 SHORT 
fb65	none	guard_src1	2	0	1	134	MMQ_ID q4_K fb=1 ne11= 1 ne12= 65 n_used= 8 ne02= 256 | J= 16 nthreads=128 | src1 need= 17 pad= 0 SHORT | ids_dst n= 520 need= 15 pad= 0 SHORT 
fb65	none	guard_src1	3	0	1	134	MMQ_ID q4_K fb=1 ne11= 1 ne12= 65 n_used= 8 ne02= 256 | J= 16 nthreads=128 | src1 need= 17 pad= 0 SHORT | ids_dst n= 520 need= 15 pad= 0 SHORT 
fb65	main	stock	1	1	0	0	
fb65	main	stock	2	1	0	0	
fb65	main	stock	3	1	0	0	
fb65	main	guard_ids_dst	1	0	1	134	MMQ_ID q4_K fb=1 ne11= 1 ne12= 65 n_used= 8 ne02= 256 | J= 16 nthreads=128 | src1 need= 17 pad=128 covered | ids_dst n= 520 need= 15 pad= 0 SHORT 
fb65	main	guard_ids_dst	2	0	1	134	MMQ_ID q4_K fb=1 ne11= 1 ne12= 65 n_used= 8 ne02= 256 | J= 16 nthreads=128 | src1 need= 17 pad=128 covered | ids_dst n= 520 need= 15 pad= 0 SHORT 
fb65	main	guard_ids_dst	3	0	1	134	MMQ_ID q4_K fb=1 ne11= 1 ne12= 65 n_used= 8 ne02= 256 | J= 16 nthreads=128 | src1 need= 17 pad=128 covered | ids_dst n= 520 need= 15 pad= 0 SHORT 
fb65	main	guard_src1	1	1	0	0	MMQ_ID q4_K fb=1 ne11= 1 ne12= 65 n_used= 8 ne02= 256 | J= 16 nthreads=128 | src1 need= 17 pad=128 covered | ids_dst n= 520 need= 15 pad= 0 SHORT 
fb65	main	guard_src1	2	1	0	0	MMQ_ID q4_K fb=1 ne11= 1 ne12= 65 n_used= 8 ne02= 256 | J= 16 nthreads=128 | src1 need= 17 pad=128 covered | ids_dst n= 520 need= 15 pad= 0 SHORT 
fb65	main	guard_src1	3	1	0	0	MMQ_ID q4_K fb=1 ne11= 1 ne12= 65 n_used= 8 ne02= 256 | J= 16 nthreads=128 | src1 need= 17 pad=128 covered | ids_dst n= 520 need= 15 pad= 0 SHORT 
fb65	widest	stock	1	1	0	0	
fb65	widest	stock	2	1	0	0	
fb65	widest	stock	3	1	0	0	
fb65	widest	guard_ids_dst	1	1	0	0	MMQ_ID q4_K fb=1 ne11= 1 ne12= 65 n_used= 8 ne02= 256 | J= 16 nthreads=128 | src1 need= 17 pad=128 covered | ids_dst n= 520 need= 15 pad=128 covered
fb65	widest	guard_ids_dst	2	1	0	0	MMQ_ID q4_K fb=1 ne11= 1 ne12= 65 n_used= 8 ne02= 256 | J= 16 nthreads=128 | src1 need= 17 pad=128 covered | ids_dst n= 520 need= 15 pad=128 covered
fb65	widest	guard_ids_dst	3	1	0	0	MMQ_ID q4_K fb=1 ne11= 1 ne12= 65 n_used= 8 ne02= 256 | J= 16 nthreads=128 | src1 need= 17 pad=128 covered | ids_dst n= 520 need= 15 pad=128 covered
fb65	widest	guard_src1	1	1	0	0	MMQ_ID q4_K fb=1 ne11= 1 ne12= 65 n_used= 8 ne02= 256 | J= 16 nthreads=128 | src1 need= 17 pad=128 covered | ids_dst n= 520 need= 15 pad=128 covered
fb65	widest	guard_src1	2	1	0	0	MMQ_ID q4_K fb=1 ne11= 1 ne12= 65 n_used= 8 ne02= 256 | J= 16 nthreads=128 | src1 need= 17 pad=128 covered | ids_dst n= 520 need= 15 pad=128 covered
fb65	widest	guard_src1	3	1	0	0	MMQ_ID q4_K fb=1 ne11= 1 ne12= 65 n_used= 8 ne02= 256 | J= 16 nthreads=128 | src1 need= 17 pad=128 covered | ids_dst n= 520 need= 15 pad=128 covered
fb65	amended	stock	1	1	0	0	
fb65	amended	stock	2	1	0	0	
fb65	amended	stock	3	1	0	0	
fb65	amended	guard_ids_dst	1	1	0	0	MMQ_ID q4_K fb=1 ne11= 1 ne12= 65 n_used= 8 ne02= 256 | J= 16 nthreads=128 | src1 need= 17 pad=128 covered | ids_dst n= 520 need= 15 pad=128 covered
fb65	amended	guard_ids_dst	2	1	0	0	MMQ_ID q4_K fb=1 ne11= 1 ne12= 65 n_used= 8 ne02= 256 | J= 16 nthreads=128 | src1 need= 17 pad=128 covered | ids_dst n= 520 need= 15 pad=128 covered
fb65	amended	guard_ids_dst	3	1	0	0	MMQ_ID q4_K fb=1 ne11= 1 ne12= 65 n_used= 8 ne02= 256 | J= 16 nthreads=128 | src1 need= 17 pad=128 covered | ids_dst n= 520 need= 15 pad=128 covered
fb65	amended	guard_src1	1	1	0	0	MMQ_ID q4_K fb=1 ne11= 1 ne12= 65 n_used= 8 ne02= 256 | J= 16 nthreads=128 | src1 need= 17 pad=128 covered | ids_dst n= 520 need= 15 pad=128 covered
fb65	amended	guard_src1	2	1	0	0	MMQ_ID q4_K fb=1 ne11= 1 ne12= 65 n_used= 8 ne02= 256 | J= 16 nthreads=128 | src1 need= 17 pad=128 covered | ids_dst n= 520 need= 15 pad=128 covered
fb65	amended	guard_src1	3	1	0	0	MMQ_ID q4_K fb=1 ne11= 1 ne12= 65 n_used= 8 ne02= 256 | J= 16 nthreads=128 | src1 need= 17 pad=128 covered | ids_dst n= 520 need= 15 pad=128 covered
t100	none	stock	1	1	0	0	
t100	none	stock	2	1	0	0	
t100	none	stock	3	1	0	0	
t100	none	guard_ids_dst	1	0	1	134	MMQ_ID q4_K fb=0 ne11= 1 ne12= 100 n_used= 8 ne02= 256 | J= 16 nthreads=128 | src1 need= 17 pad= 0 SHORT | ids_dst n= 800 need= 15 pad= 0 SHORT 
t100	none	guard_ids_dst	2	0	1	134	MMQ_ID q4_K fb=0 ne11= 1 ne12= 100 n_used= 8 ne02= 256 | J= 16 nthreads=128 | src1 need= 17 pad= 0 SHORT | ids_dst n= 800 need= 15 pad= 0 SHORT 
t100	none	guard_ids_dst	3	0	1	134	MMQ_ID q4_K fb=0 ne11= 1 ne12= 100 n_used= 8 ne02= 256 | J= 16 nthreads=128 | src1 need= 17 pad= 0 SHORT | ids_dst n= 800 need= 15 pad= 0 SHORT 
t100	none	guard_src1	1	0	1	134	MMQ_ID q4_K fb=0 ne11= 1 ne12= 100 n_used= 8 ne02= 256 | J= 16 nthreads=128 | src1 need= 17 pad= 0 SHORT | ids_dst n= 800 need= 15 pad= 0 SHORT 
t100	none	guard_src1	2	0	1	134	MMQ_ID q4_K fb=0 ne11= 1 ne12= 100 n_used= 8 ne02= 256 | J= 16 nthreads=128 | src1 need= 17 pad= 0 SHORT | ids_dst n= 800 need= 15 pad= 0 SHORT 
t100	none	guard_src1	3	0	1	134	MMQ_ID q4_K fb=0 ne11= 1 ne12= 100 n_used= 8 ne02= 256 | J= 16 nthreads=128 | src1 need= 17 pad= 0 SHORT | ids_dst n= 800 need= 15 pad= 0 SHORT 
t100	main	stock	1	1	0	0	
t100	main	stock	2	1	0	0	
t100	main	stock	3	1	0	0	
t100	main	guard_ids_dst	1	0	1	134	MMQ_ID q4_K fb=0 ne11= 1 ne12= 100 n_used= 8 ne02= 256 | J= 16 nthreads=128 | src1 need= 17 pad=128 covered | ids_dst n= 800 need= 15 pad= 0 SHORT 
t100	main	guard_ids_dst	2	0	1	134	MMQ_ID q4_K fb=0 ne11= 1 ne12= 100 n_used= 8 ne02= 256 | J= 16 nthreads=128 | src1 need= 17 pad=128 covered | ids_dst n= 800 need= 15 pad= 0 SHORT 
t100	main	guard_ids_dst	3	0	1	134	MMQ_ID q4_K fb=0 ne11= 1 ne12= 100 n_used= 8 ne02= 256 | J= 16 nthreads=128 | src1 need= 17 pad=128 covered | ids_dst n= 800 need= 15 pad= 0 SHORT 
t100	main	guard_src1	1	1	0	0	MMQ_ID q4_K fb=0 ne11= 1 ne12= 100 n_used= 8 ne02= 256 | J= 16 nthreads=128 | src1 need= 17 pad=128 covered | ids_dst n= 800 need= 15 pad= 0 SHORT 
t100	main	guard_src1	2	1	0	0	MMQ_ID q4_K fb=0 ne11= 1 ne12= 100 n_used= 8 ne02= 256 | J= 16 nthreads=128 | src1 need= 17 pad=128 covered | ids_dst n= 800 need= 15 pad= 0 SHORT 
t100	main	guard_src1	3	1	0	0	MMQ_ID q4_K fb=0 ne11= 1 ne12= 100 n_used= 8 ne02= 256 | J= 16 nthreads=128 | src1 need= 17 pad=128 covered | ids_dst n= 800 need= 15 pad= 0 SHORT 
t100	widest	stock	1	1	0	0	
t100	widest	stock	2	1	0	0	
t100	widest	stock	3	1	0	0	
t100	widest	guard_ids_dst	1	1	0	0	MMQ_ID q4_K fb=0 ne11= 1 ne12= 100 n_used= 8 ne02= 256 | J= 16 nthreads=128 | src1 need= 17 pad=128 covered | ids_dst n= 800 need= 15 pad=128 covered
t100	widest	guard_ids_dst	2	1	0	0	MMQ_ID q4_K fb=0 ne11= 1 ne12= 100 n_used= 8 ne02= 256 | J= 16 nthreads=128 | src1 need= 17 pad=128 covered | ids_dst n= 800 need= 15 pad=128 covered
t100	widest	guard_ids_dst	3	1	0	0	MMQ_ID q4_K fb=0 ne11= 1 ne12= 100 n_used= 8 ne02= 256 | J= 16 nthreads=128 | src1 need= 17 pad=128 covered | ids_dst n= 800 need= 15 pad=128 covered
t100	widest	guard_src1	1	1	0	0	MMQ_ID q4_K fb=0 ne11= 1 ne12= 100 n_used= 8 ne02= 256 | J= 16 nthreads=128 | src1 need= 17 pad=128 covered | ids_dst n= 800 need= 15 pad=128 covered
t100	widest	guard_src1	2	1	0	0	MMQ_ID q4_K fb=0 ne11= 1 ne12= 100 n_used= 8 ne02= 256 | J= 16 nthreads=128 | src1 need= 17 pad=128 covered | ids_dst n= 800 need= 15 pad=128 covered
t100	widest	guard_src1	3	1	0	0	MMQ_ID q4_K fb=0 ne11= 1 ne12= 100 n_used= 8 ne02= 256 | J= 16 nthreads=128 | src1 need= 17 pad=128 covered | ids_dst n= 800 need= 15 pad=128 covered
t100	amended	stock	1	1	0	0	
t100	amended	stock	2	1	0	0	
t100	amended	stock	3	1	0	0	
t100	amended	guard_ids_dst	1	1	0	0	MMQ_ID q4_K fb=0 ne11= 1 ne12= 100 n_used= 8 ne02= 256 | J= 16 nthreads=128 | src1 need= 17 pad=128 covered | ids_dst n= 800 need= 15 pad=128 covered
t100	amended	guard_ids_dst	2	1	0	0	MMQ_ID q4_K fb=0 ne11= 1 ne12= 100 n_used= 8 ne02= 256 | J= 16 nthreads=128 | src1 need= 17 pad=128 covered | ids_dst n= 800 need= 15 pad=128 covered
t100	amended	guard_ids_dst	3	1	0	0	MMQ_ID q4_K fb=0 ne11= 1 ne12= 100 n_used= 8 ne02= 256 | J= 16 nthreads=128 | src1 need= 17 pad=128 covered | ids_dst n= 800 need= 15 pad=128 covered
t100	amended	guard_src1	1	1	0	0	MMQ_ID q4_K fb=0 ne11= 1 ne12= 100 n_used= 8 ne02= 256 | J= 16 nthreads=128 | src1 need= 17 pad=128 covered | ids_dst n= 800 need= 15 pad=128 covered
t100	amended	guard_src1	2	1	0	0	MMQ_ID q4_K fb=0 ne11= 1 ne12= 100 n_used= 8 ne02= 256 | J= 16 nthreads=128 | src1 need= 17 pad=128 covered | ids_dst n= 800 need= 15 pad=128 covered
t100	amended	guard_src1	3	1	0	0	MMQ_ID q4_K fb=0 ne11= 1 ne12= 100 n_used= 8 ne02= 256 | J= 16 nthreads=128 | src1 need= 17 pad=128 covered | ids_dst n= 800 need= 15 pad=128 covered
ids16	none	stock	1	1	0	0	
ids16	none	stock	2	1	0	0	
ids16	none	stock	3	1	0	0	
ids16	none	guard_ids_dst	1	0	1	134	MMQ_ID q4_0 fb=0 ne11= 16 ne12= 16 n_used= 16 ne02= 256 | J= 16 nthreads=128 | src1 need= 17 pad= 16 SHORT | ids_dst n= 256 need= 15 pad= 0 SHORT 
ids16	none	guard_ids_dst	2	0	1	134	MMQ_ID q4_0 fb=0 ne11= 16 ne12= 16 n_used= 16 ne02= 256 | J= 16 nthreads=128 | src1 need= 17 pad= 16 SHORT | ids_dst n= 256 need= 15 pad= 0 SHORT 
ids16	none	guard_ids_dst	3	0	1	134	MMQ_ID q4_0 fb=0 ne11= 16 ne12= 16 n_used= 16 ne02= 256 | J= 16 nthreads=128 | src1 need= 17 pad= 16 SHORT | ids_dst n= 256 need= 15 pad= 0 SHORT 
ids16	none	guard_src1	1	1	0	0	MMQ_ID q4_0 fb=0 ne11= 16 ne12= 16 n_used= 16 ne02= 256 | J= 16 nthreads=128 | src1 need= 17 pad= 16 SHORT | ids_dst n= 256 need= 15 pad= 0 SHORT 
ids16	none	guard_src1	2	1	0	0	MMQ_ID q4_0 fb=0 ne11= 16 ne12= 16 n_used= 16 ne02= 256 | J= 16 nthreads=128 | src1 need= 17 pad= 16 SHORT | ids_dst n= 256 need= 15 pad= 0 SHORT 
ids16	none	guard_src1	3	0	1	134	MMQ_ID q4_0 fb=0 ne11= 16 ne12= 16 n_used= 16 ne02= 256 | J= 16 nthreads=128 | src1 need= 17 pad= 16 SHORT | ids_dst n= 256 need= 15 pad= 0 SHORT 
ids16	main	stock	1	1	0	0	
ids16	main	stock	2	1	0	0	
ids16	main	stock	3	1	0	0	
ids16	main	guard_ids_dst	1	0	1	134	MMQ_ID q4_0 fb=0 ne11= 16 ne12= 16 n_used= 16 ne02= 256 | J= 16 nthreads=128 | src1 need= 17 pad=128 covered | ids_dst n= 256 need= 15 pad= 0 SHORT 
ids16	main	guard_ids_dst	2	0	1	134	MMQ_ID q4_0 fb=0 ne11= 16 ne12= 16 n_used= 16 ne02= 256 | J= 16 nthreads=128 | src1 need= 17 pad=128 covered | ids_dst n= 256 need= 15 pad= 0 SHORT 
ids16	main	guard_ids_dst	3	0	1	134	MMQ_ID q4_0 fb=0 ne11= 16 ne12= 16 n_used= 16 ne02= 256 | J= 16 nthreads=128 | src1 need= 17 pad=128 covered | ids_dst n= 256 need= 15 pad= 0 SHORT 
ids16	main	guard_src1	1	1	0	0	MMQ_ID q4_0 fb=0 ne11= 16 ne12= 16 n_used= 16 ne02= 256 | J= 16 nthreads=128 | src1 need= 17 pad=128 covered | ids_dst n= 256 need= 15 pad= 0 SHORT 
ids16	main	guard_src1	2	1	0	0	MMQ_ID q4_0 fb=0 ne11= 16 ne12= 16 n_used= 16 ne02= 256 | J= 16 nthreads=128 | src1 need= 17 pad=128 covered | ids_dst n= 256 need= 15 pad= 0 SHORT 
ids16	main	guard_src1	3	1	0	0	MMQ_ID q4_0 fb=0 ne11= 16 ne12= 16 n_used= 16 ne02= 256 | J= 16 nthreads=128 | src1 need= 17 pad=128 covered | ids_dst n= 256 need= 15 pad= 0 SHORT 
ids16	widest	stock	1	1	0	0	
ids16	widest	stock	2	1	0	0	
ids16	widest	stock	3	1	0	0	
ids16	widest	guard_ids_dst	1	1	0	0	MMQ_ID q4_0 fb=0 ne11= 16 ne12= 16 n_used= 16 ne02= 256 | J= 16 nthreads=128 | src1 need= 17 pad=128 covered | ids_dst n= 256 need= 15 pad=128 covered
ids16	widest	guard_ids_dst	2	1	0	0	MMQ_ID q4_0 fb=0 ne11= 16 ne12= 16 n_used= 16 ne02= 256 | J= 16 nthreads=128 | src1 need= 17 pad=128 covered | ids_dst n= 256 need= 15 pad=128 covered
ids16	widest	guard_ids_dst	3	1	0	0	MMQ_ID q4_0 fb=0 ne11= 16 ne12= 16 n_used= 16 ne02= 256 | J= 16 nthreads=128 | src1 need= 17 pad=128 covered | ids_dst n= 256 need= 15 pad=128 covered
ids16	widest	guard_src1	1	1	0	0	MMQ_ID q4_0 fb=0 ne11= 16 ne12= 16 n_used= 16 ne02= 256 | J= 16 nthreads=128 | src1 need= 17 pad=128 covered | ids_dst n= 256 need= 15 pad=128 covered
ids16	widest	guard_src1	2	1	0	0	MMQ_ID q4_0 fb=0 ne11= 16 ne12= 16 n_used= 16 ne02= 256 | J= 16 nthreads=128 | src1 need= 17 pad=128 covered | ids_dst n= 256 need= 15 pad=128 covered
ids16	widest	guard_src1	3	1	0	0	MMQ_ID q4_0 fb=0 ne11= 16 ne12= 16 n_used= 16 ne02= 256 | J= 16 nthreads=128 | src1 need= 17 pad=128 covered | ids_dst n= 256 need= 15 pad=128 covered
ids16	amended	stock	1	1	0	0	
ids16	amended	stock	2	1	0	0	
ids16	amended	stock	3	1	0	0	
ids16	amended	guard_ids_dst	1	1	0	0	MMQ_ID q4_0 fb=0 ne11= 16 ne12= 16 n_used= 16 ne02= 256 | J= 16 nthreads=128 | src1 need= 17 pad=128 covered | ids_dst n= 256 need= 15 pad=128 covered
ids16	amended	guard_ids_dst	2	1	0	0	MMQ_ID q4_0 fb=0 ne11= 16 ne12= 16 n_used= 16 ne02= 256 | J= 16 nthreads=128 | src1 need= 17 pad=128 covered | ids_dst n= 256 need= 15 pad=128 covered
ids16	amended	guard_ids_dst	3	1	0	0	MMQ_ID q4_0 fb=0 ne11= 16 ne12= 16 n_used= 16 ne02= 256 | J= 16 nthreads=128 | src1 need= 17 pad=128 covered | ids_dst n= 256 need= 15 pad=128 covered
ids16	amended	guard_src1	1	1	0	0	MMQ_ID q4_0 fb=0 ne11= 16 ne12= 16 n_used= 16 ne02= 256 | J= 16 nthreads=128 | src1 need= 17 pad=128 covered | ids_dst n= 256 need= 15 pad=128 covered
ids16	amended	guard_src1	2	1	0	0	MMQ_ID q4_0 fb=0 ne11= 16 ne12= 16 n_used= 16 ne02= 256 | J= 16 nthreads=128 | src1 need= 17 pad=128 covered | ids_dst n= 256 need= 15 pad=128 covered
ids16	amended	guard_src1	3	1	0	0	MMQ_ID q4_0 fb=0 ne11= 16 ne12= 16 n_used= 16 ne02= 256 | J= 16 nthreads=128 | src1 need= 17 pad=128 covered | ids_dst n= 256 need= 15 pad=128 covered
ids64	none	stock	1	1	0	0	
ids64	none	stock	2	1	0	0	
ids64	none	stock	3	1	0	0	
ids64	none	guard_ids_dst	1	0	1	134	MMQ_ID q4_0 fb=0 ne11= 64 ne12= 100 n_used= 64 ne02= 256 | J= 32 nthreads=128 | src1 need= 31 pad= 64 covered | ids_dst n= 6400 need= 31 pad= 0 SHORT 
ids64	none	guard_ids_dst	2	0	1	134	MMQ_ID q4_0 fb=0 ne11= 64 ne12= 100 n_used= 64 ne02= 256 | J= 32 nthreads=128 | src1 need= 31 pad= 64 covered | ids_dst n= 6400 need= 31 pad= 0 SHORT 
ids64	none	guard_ids_dst	3	0	1	134	MMQ_ID q4_0 fb=0 ne11= 64 ne12= 100 n_used= 64 ne02= 256 | J= 32 nthreads=128 | src1 need= 31 pad= 64 covered | ids_dst n= 6400 need= 31 pad= 0 SHORT 
ids64	none	guard_src1	1	1	0	0	MMQ_ID q4_0 fb=0 ne11= 64 ne12= 100 n_used= 64 ne02= 256 | J= 32 nthreads=128 | src1 need= 31 pad= 64 covered | ids_dst n= 6400 need= 31 pad= 0 SHORT 
ids64	none	guard_src1	2	1	0	0	MMQ_ID q4_0 fb=0 ne11= 64 ne12= 100 n_used= 64 ne02= 256 | J= 32 nthreads=128 | src1 need= 31 pad= 64 covered | ids_dst n= 6400 need= 31 pad= 0 SHORT 
ids64	none	guard_src1	3	1	0	0	MMQ_ID q4_0 fb=0 ne11= 64 ne12= 100 n_used= 64 ne02= 256 | J= 32 nthreads=128 | src1 need= 31 pad= 64 covered | ids_dst n= 6400 need= 31 pad= 0 SHORT 
ids64	main	stock	1	1	0	0	
ids64	main	stock	2	1	0	0	
ids64	main	stock	3	1	0	0	
ids64	main	guard_ids_dst	1	0	1	134	MMQ_ID q4_0 fb=0 ne11= 64 ne12= 100 n_used= 64 ne02= 256 | J= 32 nthreads=128 | src1 need= 31 pad=128 covered | ids_dst n= 6400 need= 31 pad= 0 SHORT 
ids64	main	guard_ids_dst	2	0	1	134	MMQ_ID q4_0 fb=0 ne11= 64 ne12= 100 n_used= 64 ne02= 256 | J= 32 nthreads=128 | src1 need= 31 pad=128 covered | ids_dst n= 6400 need= 31 pad= 0 SHORT 
ids64	main	guard_ids_dst	3	0	1	134	MMQ_ID q4_0 fb=0 ne11= 64 ne12= 100 n_used= 64 ne02= 256 | J= 32 nthreads=128 | src1 need= 31 pad=128 covered | ids_dst n= 6400 need= 31 pad= 0 SHORT 
ids64	main	guard_src1	1	1	0	0	MMQ_ID q4_0 fb=0 ne11= 64 ne12= 100 n_used= 64 ne02= 256 | J= 32 nthreads=128 | src1 need= 31 pad=128 covered | ids_dst n= 6400 need= 31 pad= 0 SHORT 
ids64	main	guard_src1	2	1	0	0	MMQ_ID q4_0 fb=0 ne11= 64 ne12= 100 n_used= 64 ne02= 256 | J= 32 nthreads=128 | src1 need= 31 pad=128 covered | ids_dst n= 6400 need= 31 pad= 0 SHORT 
ids64	main	guard_src1	3	1	0	0	MMQ_ID q4_0 fb=0 ne11= 64 ne12= 100 n_used= 64 ne02= 256 | J= 32 nthreads=128 | src1 need= 31 pad=128 covered | ids_dst n= 6400 need= 31 pad= 0 SHORT 
ids64	widest	stock	1	1	0	0	
ids64	widest	stock	2	1	0	0	
ids64	widest	stock	3	1	0	0	
ids64	widest	guard_ids_dst	1	1	0	0	MMQ_ID q4_0 fb=0 ne11= 64 ne12= 100 n_used= 64 ne02= 256 | J= 32 nthreads=128 | src1 need= 31 pad=128 covered | ids_dst n= 6400 need= 31 pad=128 covered
ids64	widest	guard_ids_dst	2	1	0	0	MMQ_ID q4_0 fb=0 ne11= 64 ne12= 100 n_used= 64 ne02= 256 | J= 32 nthreads=128 | src1 need= 31 pad=128 covered | ids_dst n= 6400 need= 31 pad=128 covered
ids64	widest	guard_ids_dst	3	1	0	0	MMQ_ID q4_0 fb=0 ne11= 64 ne12= 100 n_used= 64 ne02= 256 | J= 32 nthreads=128 | src1 need= 31 pad=128 covered | ids_dst n= 6400 need= 31 pad=128 covered
ids64	widest	guard_src1	1	1	0	0	MMQ_ID q4_0 fb=0 ne11= 64 ne12= 100 n_used= 64 ne02= 256 | J= 32 nthreads=128 | src1 need= 31 pad=128 covered | ids_dst n= 6400 need= 31 pad=128 covered
ids64	widest	guard_src1	2	1	0	0	MMQ_ID q4_0 fb=0 ne11= 64 ne12= 100 n_used= 64 ne02= 256 | J= 32 nthreads=128 | src1 need= 31 pad=128 covered | ids_dst n= 6400 need= 31 pad=128 covered
ids64	widest	guard_src1	3	1	0	0	MMQ_ID q4_0 fb=0 ne11= 64 ne12= 100 n_used= 64 ne02= 256 | J= 32 nthreads=128 | src1 need= 31 pad=128 covered | ids_dst n= 6400 need= 31 pad=128 covered
ids64	amended	stock	1	1	0	0	
ids64	amended	stock	2	1	0	0	
ids64	amended	stock	3	1	0	0	
ids64	amended	guard_ids_dst	1	1	0	0	MMQ_ID q4_0 fb=0 ne11= 64 ne12= 100 n_used= 64 ne02= 256 | J= 32 nthreads=128 | src1 need= 31 pad=128 covered | ids_dst n= 6400 need= 31 pad=128 covered
ids64	amended	guard_ids_dst	2	1	0	0	MMQ_ID q4_0 fb=0 ne11= 64 ne12= 100 n_used= 64 ne02= 256 | J= 32 nthreads=128 | src1 need= 31 pad=128 covered | ids_dst n= 6400 need= 31 pad=128 covered
ids64	amended	guard_ids_dst	3	1	0	0	MMQ_ID q4_0 fb=0 ne11= 64 ne12= 100 n_used= 64 ne02= 256 | J= 32 nthreads=128 | src1 need= 31 pad=128 covered | ids_dst n= 6400 need= 31 pad=128 covered
ids64	amended	guard_src1	1	1	0	0	MMQ_ID q4_0 fb=0 ne11= 64 ne12= 100 n_used= 64 ne02= 256 | J= 32 nthreads=128 | src1 need= 31 pad=128 covered | ids_dst n= 6400 need= 31 pad=128 covered
ids64	amended	guard_src1	2	1	0	0	MMQ_ID q4_0 fb=0 ne11= 64 ne12= 100 n_used= 64 ne02= 256 | J= 32 nthreads=128 | src1 need= 31 pad=128 covered | ids_dst n= 6400 need= 31 pad=128 covered
ids64	amended	guard_src1	3	1	0	0	MMQ_ID q4_0 fb=0 ne11= 64 ne12= 100 n_used= 64 ne02= 256 | J= 32 nthreads=128 | src1 need= 31 pad=128 covered | ids_dst n= 6400 need= 31 pad=128 covered
