case	variant	mode	rep	ok	illegal_access	exit	route	mmq_id
q2k_e8_last1_b0	head	print	1	1	0	0	rows=518, mean rows/expert=64.75, last non-empty expert 7 holds 1 rows	MMQ_IDS q2_K fb=0 prec=q8 ne11= 7 ne12= 74 n_used= 7 ne02= 8 | J= 80 nthreads=256 | src1 need= 85 pad= 85 covered | ids_dst n= 518 need= 79 pad= 79 covered
q2k_e8_last1_b0	head	print	2	1	0	0	rows=518, mean rows/expert=64.75, last non-empty expert 7 holds 1 rows	MMQ_IDS q2_K fb=0 prec=q8 ne11= 7 ne12= 74 n_used= 7 ne02= 8 | J= 80 nthreads=256 | src1 need= 85 pad= 85 covered | ids_dst n= 518 need= 79 pad= 79 covered
q2k_e8_last1_b0	head	guard_src1	1	1	0	0	rows=518, mean rows/expert=64.75, last non-empty expert 7 holds 1 rows	MMQ_IDS q2_K fb=0 prec=q8 ne11= 7 ne12= 74 n_used= 7 ne02= 8 | J= 80 nthreads=256 | src1 need= 85 pad= 85 covered | ids_dst n= 518 need= 79 pad= 79 covered
q2k_e8_last1_b0	head	guard_src1	2	1	0	0	rows=518, mean rows/expert=64.75, last non-empty expert 7 holds 1 rows	MMQ_IDS q2_K fb=0 prec=q8 ne11= 7 ne12= 74 n_used= 7 ne02= 8 | J= 80 nthreads=256 | src1 need= 85 pad= 85 covered | ids_dst n= 518 need= 79 pad= 79 covered
q2k_e8_last1_b0	head	guard_ids_dst	1	1	0	0	rows=518, mean rows/expert=64.75, last non-empty expert 7 holds 1 rows	MMQ_IDS q2_K fb=0 prec=q8 ne11= 7 ne12= 74 n_used= 7 ne02= 8 | J= 80 nthreads=256 | src1 need= 85 pad= 85 covered | ids_dst n= 518 need= 79 pad= 79 covered
q2k_e8_last1_b0	head	guard_ids_dst	2	1	0	0	rows=518, mean rows/expert=64.75, last non-empty expert 7 holds 1 rows	MMQ_IDS q2_K fb=0 prec=q8 ne11= 7 ne12= 74 n_used= 7 ne02= 8 | J= 80 nthreads=256 | src1 need= 85 pad= 85 covered | ids_dst n= 518 need= 79 pad= 79 covered
q2k_e8_last1_b1	head	print	1	1	0	0	rows=518, mean rows/expert=64.75, last non-empty expert 7 holds 1 rows	MMQ_IDS q2_K fb=0 prec=q8 ne11= 1 ne12= 74 n_used= 7 ne02= 8 | J= 80 nthreads=256 | src1 need= 85 pad= 85 covered | ids_dst n= 518 need= 79 pad= 79 covered
q2k_e8_last1_b1	head	print	2	1	0	0	rows=518, mean rows/expert=64.75, last non-empty expert 7 holds 1 rows	MMQ_IDS q2_K fb=0 prec=q8 ne11= 1 ne12= 74 n_used= 7 ne02= 8 | J= 80 nthreads=256 | src1 need= 85 pad= 85 covered | ids_dst n= 518 need= 79 pad= 79 covered
q2k_e8_last1_b1	head	guard_src1	1	1	0	0	rows=518, mean rows/expert=64.75, last non-empty expert 7 holds 1 rows	MMQ_IDS q2_K fb=0 prec=q8 ne11= 1 ne12= 74 n_used= 7 ne02= 8 | J= 80 nthreads=256 | src1 need= 85 pad= 85 covered | ids_dst n= 518 need= 79 pad= 79 covered
q2k_e8_last1_b1	head	guard_src1	2	1	0	0	rows=518, mean rows/expert=64.75, last non-empty expert 7 holds 1 rows	MMQ_IDS q2_K fb=0 prec=q8 ne11= 1 ne12= 74 n_used= 7 ne02= 8 | J= 80 nthreads=256 | src1 need= 85 pad= 85 covered | ids_dst n= 518 need= 79 pad= 79 covered
q2k_e8_last1_b1	head	guard_ids_dst	1	1	0	0	rows=518, mean rows/expert=64.75, last non-empty expert 7 holds 1 rows	MMQ_IDS q2_K fb=0 prec=q8 ne11= 1 ne12= 74 n_used= 7 ne02= 8 | J= 80 nthreads=256 | src1 need= 85 pad= 85 covered | ids_dst n= 518 need= 79 pad= 79 covered
q2k_e8_last1_b1	head	guard_ids_dst	2	1	0	0	rows=518, mean rows/expert=64.75, last non-empty expert 7 holds 1 rows	MMQ_IDS q2_K fb=0 prec=q8 ne11= 1 ne12= 74 n_used= 7 ne02= 8 | J= 80 nthreads=256 | src1 need= 85 pad= 85 covered | ids_dst n= 518 need= 79 pad= 79 covered
q2k_e8_unif_b0	head	print	1	1	0	0	rows=518, mean rows/expert=64.75, last non-empty expert 7 holds 63 rows	MMQ_IDS q2_K fb=0 prec=q8 ne11= 7 ne12= 74 n_used= 7 ne02= 8 | J= 80 nthreads=256 | src1 need= 85 pad= 85 covered | ids_dst n= 518 need= 79 pad= 79 covered
q2k_e8_unif_b0	head	print	2	1	0	0	rows=518, mean rows/expert=64.75, last non-empty expert 7 holds 63 rows	MMQ_IDS q2_K fb=0 prec=q8 ne11= 7 ne12= 74 n_used= 7 ne02= 8 | J= 80 nthreads=256 | src1 need= 85 pad= 85 covered | ids_dst n= 518 need= 79 pad= 79 covered
q2k_e8_unif_b0	head	guard_src1	1	1	0	0	rows=518, mean rows/expert=64.75, last non-empty expert 7 holds 63 rows	MMQ_IDS q2_K fb=0 prec=q8 ne11= 7 ne12= 74 n_used= 7 ne02= 8 | J= 80 nthreads=256 | src1 need= 85 pad= 85 covered | ids_dst n= 518 need= 79 pad= 79 covered
q2k_e8_unif_b0	head	guard_src1	2	1	0	0	rows=518, mean rows/expert=64.75, last non-empty expert 7 holds 63 rows	MMQ_IDS q2_K fb=0 prec=q8 ne11= 7 ne12= 74 n_used= 7 ne02= 8 | J= 80 nthreads=256 | src1 need= 85 pad= 85 covered | ids_dst n= 518 need= 79 pad= 79 covered
q2k_e8_unif_b0	head	guard_ids_dst	1	1	0	0	rows=518, mean rows/expert=64.75, last non-empty expert 7 holds 63 rows	MMQ_IDS q2_K fb=0 prec=q8 ne11= 7 ne12= 74 n_used= 7 ne02= 8 | J= 80 nthreads=256 | src1 need= 85 pad= 85 covered | ids_dst n= 518 need= 79 pad= 79 covered
q2k_e8_unif_b0	head	guard_ids_dst	2	1	0	0	rows=518, mean rows/expert=64.75, last non-empty expert 7 holds 63 rows	MMQ_IDS q2_K fb=0 prec=q8 ne11= 7 ne12= 74 n_used= 7 ne02= 8 | J= 80 nthreads=256 | src1 need= 85 pad= 85 covered | ids_dst n= 518 need= 79 pad= 79 covered
q2k_e128_last1_b1	head	print	1	1	0	0	rows=9600, mean rows/expert=75.00, last non-empty expert 127 holds 1 rows	MMQ_IDS q2_K fb=0 prec=q8 ne11= 1 ne12= 600 n_used= 16 ne02= 128 | J= 80 nthreads=256 | src1 need= 85 pad= 85 covered | ids_dst n= 9600 need= 79 pad= 79 covered
q2k_e128_last1_b1	head	print	2	1	0	0	rows=9600, mean rows/expert=75.00, last non-empty expert 127 holds 1 rows	MMQ_IDS q2_K fb=0 prec=q8 ne11= 1 ne12= 600 n_used= 16 ne02= 128 | J= 80 nthreads=256 | src1 need= 85 pad= 85 covered | ids_dst n= 9600 need= 79 pad= 79 covered
q2k_e128_last1_b1	head	guard_src1	1	1	0	0	rows=9600, mean rows/expert=75.00, last non-empty expert 127 holds 1 rows	MMQ_IDS q2_K fb=0 prec=q8 ne11= 1 ne12= 600 n_used= 16 ne02= 128 | J= 80 nthreads=256 | src1 need= 85 pad= 85 covered | ids_dst n= 9600 need= 79 pad= 79 covered
q2k_e128_last1_b1	head	guard_src1	2	1	0	0	rows=9600, mean rows/expert=75.00, last non-empty expert 127 holds 1 rows	MMQ_IDS q2_K fb=0 prec=q8 ne11= 1 ne12= 600 n_used= 16 ne02= 128 | J= 80 nthreads=256 | src1 need= 85 pad= 85 covered | ids_dst n= 9600 need= 79 pad= 79 covered
q2k_e128_last1_b1	head	guard_ids_dst	1	1	0	0	rows=9600, mean rows/expert=75.00, last non-empty expert 127 holds 1 rows	MMQ_IDS q2_K fb=0 prec=q8 ne11= 1 ne12= 600 n_used= 16 ne02= 128 | J= 80 nthreads=256 | src1 need= 85 pad= 85 covered | ids_dst n= 9600 need= 79 pad= 79 covered
q2k_e128_last1_b1	head	guard_ids_dst	2	1	0	0	rows=9600, mean rows/expert=75.00, last non-empty expert 127 holds 1 rows	MMQ_IDS q2_K fb=0 prec=q8 ne11= 1 ne12= 600 n_used= 16 ne02= 128 | J= 80 nthreads=256 | src1 need= 85 pad= 85 covered | ids_dst n= 9600 need= 79 pad= 79 covered
q2k_e128_unif_b1	head	print	1	1	0	0	rows=9600, mean rows/expert=75.00, last non-empty expert 127 holds 72 rows	MMQ_IDS q2_K fb=0 prec=q8 ne11= 1 ne12= 600 n_used= 16 ne02= 128 | J= 80 nthreads=256 | src1 need= 85 pad= 85 covered | ids_dst n= 9600 need= 79 pad= 79 covered
q2k_e128_unif_b1	head	print	2	1	0	0	rows=9600, mean rows/expert=75.00, last non-empty expert 127 holds 72 rows	MMQ_IDS q2_K fb=0 prec=q8 ne11= 1 ne12= 600 n_used= 16 ne02= 128 | J= 80 nthreads=256 | src1 need= 85 pad= 85 covered | ids_dst n= 9600 need= 79 pad= 79 covered
q2k_e128_unif_b1	head	guard_src1	1	1	0	0	rows=9600, mean rows/expert=75.00, last non-empty expert 127 holds 72 rows	MMQ_IDS q2_K fb=0 prec=q8 ne11= 1 ne12= 600 n_used= 16 ne02= 128 | J= 80 nthreads=256 | src1 need= 85 pad= 85 covered | ids_dst n= 9600 need= 79 pad= 79 covered
q2k_e128_unif_b1	head	guard_src1	2	1	0	0	rows=9600, mean rows/expert=75.00, last non-empty expert 127 holds 72 rows	MMQ_IDS q2_K fb=0 prec=q8 ne11= 1 ne12= 600 n_used= 16 ne02= 128 | J= 80 nthreads=256 | src1 need= 85 pad= 85 covered | ids_dst n= 9600 need= 79 pad= 79 covered
q2k_e128_unif_b1	head	guard_ids_dst	1	1	0	0	rows=9600, mean rows/expert=75.00, last non-empty expert 127 holds 72 rows	MMQ_IDS q2_K fb=0 prec=q8 ne11= 1 ne12= 600 n_used= 16 ne02= 128 | J= 80 nthreads=256 | src1 need= 85 pad= 85 covered | ids_dst n= 9600 need= 79 pad= 79 covered
q2k_e128_unif_b1	head	guard_ids_dst	2	1	0	0	rows=9600, mean rows/expert=75.00, last non-empty expert 127 holds 72 rows	MMQ_IDS q2_K fb=0 prec=q8 ne11= 1 ne12= 600 n_used= 16 ne02= 128 | J= 80 nthreads=256 | src1 need= 85 pad= 85 covered | ids_dst n= 9600 need= 79 pad= 79 covered
q4k_e128_u6_n5_b1	head	print	1	1	0	0	rows=30, mean rows/expert=0.23, last non-empty expert 126 holds 1 rows	MMQ_IDS q4_K fb=0 prec=q8 ne11= 1 ne12= 5 n_used= 6 ne02= 128 | J= 16 nthreads=128 | src1 need= 17 pad= 17 covered | ids_dst n= 30 need= 15 pad= 15 covered
q4k_e128_u6_n5_b1	head	print	2	1	0	0	rows=30, mean rows/expert=0.23, last non-empty expert 126 holds 1 rows	MMQ_IDS q4_K fb=0 prec=q8 ne11= 1 ne12= 5 n_used= 6 ne02= 128 | J= 16 nthreads=128 | src1 need= 17 pad= 17 covered | ids_dst n= 30 need= 15 pad= 15 covered
q4k_e128_u6_n5_b1	head	guard_src1	1	1	0	0	rows=30, mean rows/expert=0.23, last non-empty expert 126 holds 1 rows	MMQ_IDS q4_K fb=0 prec=q8 ne11= 1 ne12= 5 n_used= 6 ne02= 128 | J= 16 nthreads=128 | src1 need= 17 pad= 17 covered | ids_dst n= 30 need= 15 pad= 15 covered
q4k_e128_u6_n5_b1	head	guard_src1	2	1	0	0	rows=30, mean rows/expert=0.23, last non-empty expert 126 holds 1 rows	MMQ_IDS q4_K fb=0 prec=q8 ne11= 1 ne12= 5 n_used= 6 ne02= 128 | J= 16 nthreads=128 | src1 need= 17 pad= 17 covered | ids_dst n= 30 need= 15 pad= 15 covered
q4k_e128_u6_n5_b1	head	guard_ids_dst	1	1	0	0	rows=30, mean rows/expert=0.23, last non-empty expert 126 holds 1 rows	MMQ_IDS q4_K fb=0 prec=q8 ne11= 1 ne12= 5 n_used= 6 ne02= 128 | J= 16 nthreads=128 | src1 need= 17 pad= 17 covered | ids_dst n= 30 need= 15 pad= 15 covered
q4k_e128_u6_n5_b1	head	guard_ids_dst	2	1	0	0	rows=30, mean rows/expert=0.23, last non-empty expert 126 holds 1 rows	MMQ_IDS q4_K fb=0 prec=q8 ne11= 1 ne12= 5 n_used= 6 ne02= 128 | J= 16 nthreads=128 | src1 need= 17 pad= 17 covered | ids_dst n= 30 need= 15 pad= 15 covered
chk_65_8_8	head	print	1	1	0	0	rows=520, mean rows/expert=65.00, last non-empty expert 7 holds 65 rows	MMQ_IDS q2_K fb=0 prec=q8 ne11= 8 ne12= 65 n_used= 8 ne02= 8 | J= 80 nthreads=256 | src1 need= 85 pad= 85 covered | ids_dst n= 520 need= 79 pad= 79 covered
chk_65_8_8	head	print	2	1	0	0	rows=520, mean rows/expert=65.00, last non-empty expert 7 holds 65 rows	MMQ_IDS q2_K fb=0 prec=q8 ne11= 8 ne12= 65 n_used= 8 ne02= 8 | J= 80 nthreads=256 | src1 need= 85 pad= 85 covered | ids_dst n= 520 need= 79 pad= 79 covered
chk_65_8_8	head	guard_src1	1	1	0	0	rows=520, mean rows/expert=65.00, last non-empty expert 7 holds 65 rows	MMQ_IDS q2_K fb=0 prec=q8 ne11= 8 ne12= 65 n_used= 8 ne02= 8 | J= 80 nthreads=256 | src1 need= 85 pad= 85 covered | ids_dst n= 520 need= 79 pad= 79 covered
chk_65_8_8	head	guard_src1	2	1	0	0	rows=520, mean rows/expert=65.00, last non-empty expert 7 holds 65 rows	MMQ_IDS q2_K fb=0 prec=q8 ne11= 8 ne12= 65 n_used= 8 ne02= 8 | J= 80 nthreads=256 | src1 need= 85 pad= 85 covered | ids_dst n= 520 need= 79 pad= 79 covered
chk_65_8_8	head	guard_ids_dst	1	1	0	0	rows=520, mean rows/expert=65.00, last non-empty expert 7 holds 65 rows	MMQ_IDS q2_K fb=0 prec=q8 ne11= 8 ne12= 65 n_used= 8 ne02= 8 | J= 80 nthreads=256 | src1 need= 85 pad= 85 covered | ids_dst n= 520 need= 79 pad= 79 covered
chk_65_8_8	head	guard_ids_dst	2	1	0	0	rows=520, mean rows/expert=65.00, last non-empty expert 7 holds 65 rows	MMQ_IDS q2_K fb=0 prec=q8 ne11= 8 ne12= 65 n_used= 8 ne02= 8 | J= 80 nthreads=256 | src1 need= 85 pad= 85 covered | ids_dst n= 520 need= 79 pad= 79 covered
chk_513_1_8	head	print	1	1	0	0	rows=513, mean rows/expert=64.12, last non-empty expert 7 holds 58 rows	MMQ_DENSE q2_K fb=0 prec=q8 ne11= 74 ne12= 1 n_used= 0 ne02= 1 | J= 80 nthreads=256 | src1 need= 12 pad= 85 covered | no ids_dst
chk_513_1_8	head	print	2	1	0	0	rows=513, mean rows/expert=64.12, last non-empty expert 7 holds 58 rows	MMQ_DENSE q2_K fb=0 prec=q8 ne11= 74 ne12= 1 n_used= 0 ne02= 1 | J= 80 nthreads=256 | src1 need= 12 pad= 85 covered | no ids_dst
chk_513_1_8	head	guard_src1	1	1	0	0	rows=513, mean rows/expert=64.12, last non-empty expert 7 holds 58 rows	MMQ_DENSE q2_K fb=0 prec=q8 ne11= 74 ne12= 1 n_used= 0 ne02= 1 | J= 80 nthreads=256 | src1 need= 12 pad= 85 covered | no ids_dst
chk_513_1_8	head	guard_src1	2	1	0	0	rows=513, mean rows/expert=64.12, last non-empty expert 7 holds 58 rows	MMQ_DENSE q2_K fb=0 prec=q8 ne11= 74 ne12= 1 n_used= 0 ne02= 1 | J= 80 nthreads=256 | src1 need= 12 pad= 85 covered | no ids_dst
chk_513_1_8	head	guard_ids_dst	1	1	0	0	rows=513, mean rows/expert=64.12, last non-empty expert 7 holds 58 rows	MMQ_DENSE q2_K fb=0 prec=q8 ne11= 74 ne12= 1 n_used= 0 ne02= 1 | J= 80 nthreads=256 | src1 need= 12 pad= 85 covered | no ids_dst
chk_513_1_8	head	guard_ids_dst	2	1	0	0	rows=513, mean rows/expert=64.12, last non-empty expert 7 holds 58 rows	MMQ_DENSE q2_K fb=0 prec=q8 ne11= 74 ne12= 1 n_used= 0 ne02= 1 | J= 80 nthreads=256 | src1 need= 12 pad= 85 covered | no ids_dst
